tsn,scientificname,kingdom,phylum,classname,ordername,family,genus,species,myersname,commonname1,commonname2,commonname3,commonname4,FisheryType,taxGroup,WoRMSscientificName,WoRMStaxonID,FAOscientificname,FAOcode
-999,Pseudocarcinus gigas,Animalia,Arthropoda,Malacostraca,Decapoda,Menippidae,Pseudocarcinus,gigas,TASGIANTCRAB,Tasmanian giant crab,NA,NA,NA,Invertebrate,crabs-lobsters,Pseudocarcinus gigas,440496,Pseudocarcinus gigas,GKT
-997,Haliotis iris,Animalia,Mollusca,Gastropoda,Archaeogastropoda,Haliotidae,Haliotis,iris,BFOOTABALONE,Blackfoot abalone,Paua,NA,NA,Invertebrate,bivalves-gastropods,Haliotis iris,445331,Haliotis iris,DZS
-996,Haliotis spp,Animalia,Mollusca,Gastropoda,Archaeogastropoda,Haliotidae,Haliotis,NA,PAUA,Paua,New Zealand abalone species,NA,NA,Invertebrate,bivalves-gastropods,Haliotis,138050,Haliotis spp,ABX
-995,Haliotis midae,Animalia,Mollusca,Gastropoda,Archaeogastropoda,Haliotidae,Haliotis,midae,SAABALONE,South African abalone,NA,NA,NA,Invertebrate,bivalves-gastropods,Haliotis midae,207660,Haliotis midae,ABP
-994,Sprattus fuegensis,Animalia,Chordata,Actinopterygii,Clupeiformes,Clupeidae,Sprattus,fuegensis,NA,Southern sardine,NA,NA,NA,Forage Fish,forage fish,Sprattus fuegensis,272281,Sprattus fuegensis,FAS
-993,Pleuroncodes monodon,Animalia,Arthropoda,Malacostraca,Decapoda,Munididae,Pleuroncodes,monodon,NA,Red squat lobster,NA,NA,NA,Invertebrate,crabs-lobsters,Pleuroncodes monodon,392682,Pleuroncodes monodon,PQG
-992,Cervimunida johni,Animalia,Arthropoda,Malacostraca,Decapoda,Munididae,Cervimunida,johni,NA,Blue squat lobster,Yellow squat lobster,NA,NA,Invertebrate,crabs-lobsters,Cervimunida johni,392199,Cervimunida johni,CZJ
-991,Zearaja chilensis,Animalia,Chordata,Elasmobranchii,Rajiformes,Rajidae,Zearaja,chilensis,NA,Yellownose skate,NA,NA,NA,Sharks Rays and Skates,elasmobranchs,Zearaja chilensis,315953,Zearaja chilensis,DPV
-990,Sardinella spp,Animalia,Chordata,Actinopterygii,Clupeiformes,Clupeidae,Sardinella,NA,NA,Sardinella,NA,NA,NA,Forage Fish,forage fish,Sardinella,125721,Sardinella spp,SIX
-989,Pseudotolithus spp,Animalia,Chordata,Actinopterygii,Perciformes,Sciaenidae,Pseudotolithus,NA,NA,Croaker,NA,NA,NA,Other Marine,other marine percoidids,Pseudotolithus,126053,Pseudotolithus spp,CKW
-988,Pomadasys spp,Animalia,Chordata,Actinopterygii,Perciformes,Haemulidae,Pomadasys,NA,NA,Grey grunt,NA,NA,NA,Other Marine,other marine percoidids,Pomadasys,126011,Pomadasys spp,BGX
-987,Arius spp,Animalia,Chordata,Actinopterygii,Siluriformes,Ariidae,Arius,NA,NA,Catfish,NA,NA,NA,Other Marine,other marine fish,Arius,158710,Arius spp,AWX
-986,Cynoglossus spp,Animalia,Chordata,Actinopterygii,Pleuronectiformes,Cynoglossidae,Cynoglossus,NA,NA,Sole,NA,NA,NA,Flatfish,pleuronectids,Cynoglossus,126112,Cynoglossus spp,YOX
-985,Dentex spp,Animalia,Chordata,Actinopterygii,Perciformes,Sparidae,Dentex,NA,NA,Seabream,NA,NA,NA,Other Marine,other marine percoidids,Dentex,126075,Dentex spp,DEX
-977,Penaeus spp,Animalia,Arthropoda,Malacostraca,Decapoda,Penaeidae,Penaeus,NA,NA,Coastal shrimp,NA,NA,NA,Invertebrate,shrimps,Penaeus,106822,Penaeus spp,PEN
-976,Sepia spp,Animalia,Mollusca,Cephalopoda,Sepiida,Sepiidae,Sepia,NA,NA,Cuttlefish,NA,NA,NA,Invertebrate,cephalopods,Sepia,138477,Sepia spp,IAX
-970,Ostrea chilensis,Animalia,Mollusca,Bivalvia,Ostreida,Ostreidae,Ostrea,chilensis,NA,Dredge oyster,NA,NA,NA,Invertebrate,bivalves-gastropods,Ostrea chilensis,397160,Ostrea chilensis,OCH
-965,Chionoecetes japonicus,Animalia,Arthropoda,Malacostraca,Decapoda,Oregoniidae,Chionoecetes,japonicus,NA,Beni zuwai crab,NA,NA,NA,Invertebrate,crabs-lobsters,Chionoecetes japonicus,442163,Chionoecetes japonicus,CWJ
-964,Oratosquilla oratoria,Animalia,Arthropoda,Malacostraca,Stomatopoda,Squillidae,Oratosquilla,oratoria,NA,Shako,NA,NA,NA,Invertebrate,shrimps,Oratosquilla oratoria,395015,Oratosquilla oratoria,OQO
-963,Merluccius spp,Animalia,Chordata,Actinopterygii,Gadiformes,Merlucciidae,Merluccius,NA,NA,Hake spp,NA,NA,NA,Gadids,gadids,Merluccius,125762,Merluccius spp,HKX
-962,Decapterus spp,Animalia,Chordata,Actinopterygii,Perciformes,Carangidae,Decapterus,NA,NA,Decapterus spp,NA,NA,NA,Forage Fish,carangids-mackerels,Decapterus spp,125937,Decapterus spp,SDX
-961,Platichthys solemdali,Animalia,Chordata,Actinopterygii,Pleuronectiformes,Pleuronectidae,Platichthys,solemdali,NA,Baltic flounder,NA,NA,NA,Flatfish,pleuronectids,Platichthys solemdali,1264298,,
73795,Buccinum undatum,Animalia,Mollusca,Gastropoda,Neogastropoda,Buccinidae,Buccinum,undatum,NA,Waved whelk,NA,NA,NA,Invertebrate,bivalves-gastropods,Buccinum undatum,138878,Buccinum undatum,WHE
79619,Chlamys islandica,Animalia,Mollusca,Bivalvia,Ostreoida,Pectinidae,Chlamys,islandica,,Iceland scallop,NA,NA,NA,Invertebrate,bivalves-gastropods,Chlamys islandica,140692,Chlamys islandica,ISC
79718,Placopecten magellanicus,Animalia,Mollusca,Bivalvia,Pectinida,Pectinidae,Placopecten,magellanicus,SCALL,Sea scallop,NA,NA,NA,Invertebrate,bivalves-gastropods,Placopecten magellanicus,156972,Placopecten magellanicus,SCA
79757,Patinopecten caurinus,Animalia,Mollusca,Bivalvia,Pectinida,Pectinidae,Patinopecten,caurinus,NA,Weathervane scallop,NA,NA,NA,Invertebrate,bivalves-gastropods,Patinopecten caurinus,393720,Patinopecten caurinus,SCG
80944,Spisula solidissima,Animalia,Mollusca,Bivalvia,Veneroida,Mactridae,Spisula,solidissima,SURF,Atlantic surfclam,NA,NA,NA,Invertebrate,bivalves-gastropods,Spisula solidissima,156996,Spisula solidissima,CLB
80983,Mactromeris polynyma,Animalia,Mollusca,Bivalvia,Veneroida,Mactridae,Mactromeris,polynyma,NA,Arctic surfclam,NA,NA,NA,Invertebrate,bivalves-gastropods,Mactromeris polynyma,156863,Mactromeris polynyma,IFM
81343,Arctica islandica,Animalia,Mollusca,Bivalvia,Venerida,Arcticidae,Arctica,islandica,QUAH,Ocean quahog,NA,NA,NA,Invertebrate,bivalves-gastropods,Arctica islandica,138802,Arctica islandica,CLQ
81692,Mya arenaria,Animalia,Mollusca,Bivalvia,Myida,Myidae,Mya,arenaria,NA,Softshell clam ,NA,NA,NA,Invertebrate,bivalves-gastropods,Mya arenaria,140430,Mya arenaria,CLS
81777,Panopea generosa,Animalia,Mollusca,Bivalvia,Adapedonta,Hiatellidae,Panopea,generosa,NA,Pacific geoduck,NA,NA,NA,Invertebrate,bivalves-gastropods,Panopea generosa,545994,Panopea generosa,GEC
82372,Loligo pealeii,Animalia,Mollusca,Cephalopoda,Myopsida,Loliginidae,Loligo,pealeii,,Longfin inshore squid,NA,NA,NA,Invertebrate,cephalopods,Doryteuthis (Amerigo) pealeii,410354,Loligo pealeii,SQL
82375,Loligo vulgaris,Animalia,Mollusca,Cephalopoda,Teuthida,Loliginidae,Loligo,vulgaris,NA,European squid,NA,NA,NA,Invertebrate,cephalopods,Loligo vulgaris,140271,Loligo vulgaris,SQR
82521,Illex illecebrosus,Animalia,Mollusca,Cephalopoda,Oegopsida,Ommastrephidae,Illex,illecebrosus,ILLEX,Northern shortfin squid,NA,NA,NA,Invertebrate,cephalopods,Illex illecebrosus,153087,Illex illecebrosus,SQI
82603,Octopus vulgaris,Animalia,Mollusca,Cephalopoda,Octopoda,Octopodidae,Octopus,vulgaris,NA,Octopus,NA,NA,NA,Invertebrate,cephalopods,Octopus vulgaris,140605,Octopus vulgaris,OCC
95625,Penaeus esculentus,Animalia,Arthropoda,Malacostraca,Decapoda,Penaeidae,Penaeus,esculentus,BTSHRIMP,Brown tiger shrimp,Brown tiger prawn,NA,NA,Invertebrate,shrimps,Penaeus esculentus,377566,Penaeus esculentus,PRB
95644,Penaeus semisulcatus,Animalia,Arthropoda,Malacostraca,Decapoda,Penaeidae,Penaeus,semisulcatus,NA,Grooved tiger prawn,Green tiger prawn,NA,NA,Invertebrate,shrimps,Penaeus semisulcatus,107112,Penaeus semisulcatus,TIP
95733,Parapenaeus longirostris,Animalia,Arthropoda,Malacostraca,Decapoda,Penaeidae,Parapenaeus,longirostris,NA,Deep water rose shrimp,NA,NA,NA,Invertebrate,shrimps,Parapenaeus longirostris,107109,Parapenaeus longirostris,DPS
95966,Pleoticus robustus,Animalia,Arthropoda,Malacostraca,Decapoda,Solenoceridae,Pleoticus,robustus,NA,Royal red shrimp,NA,NA,NA,Invertebrate,shrimps,Pleoticus robustus,158338,Pleoticus robustus,RRS
96056,Aristaeomorpha foliacea,Animalia,Arthropoda,Malacostraca,Decapoda,Aristeidae,Aristaeomorpha,foliacea,NA,Giant red shrimp,NA,NA,NA,Invertebrate,shrimps,Aristaeomorpha foliacea,158326,Aristaeomorpha foliacea,ARS
96062,Aristeus antennatus,Animalia,Arthropoda,Malacostraca,Decapoda,Aristeidae,Aristeus,antennatus,NA,Red shrimp,Blue and red shrimp,NA,NA,Invertebrate,shrimps,Aristeus antennatus,107083,Aristeus antennatus,ARA
96967,Pandalus borealis,Animalia,Arthropoda,Malacostraca,Decapoda,Pandalidae,Pandalus,borealis,PANDAL,Northern shrimp,NA,NA,NA,Invertebrate,shrimps,Pandalus borealis,107649,Pandalus borealis,PRA
96970,Pandalus jordani,Animalia,Arthropoda,Malacostraca,Decapoda,Pandalidae,Pandalus,jordani,NA,Ocean shrimp,NA,NA,NA,Invertebrate,shrimps,Pandalus jordani,515469,Pandalus jordani,PJK
96971,Pandalus montagui,Animalia,Arthropoda,Malacostraca,Decapoda,Pandalidae,Pandalus,montagui,NA,Aesop shrimp,NA,NA,NA,Invertebrate,shrimps,Pandalus montagui,107651,Pandalus montagui,AES
96995,Pandalopsis dispar,Animalia,Arthropoda,Malacostraca,Decapoda,Pandalidae,Pandalopsis,dispar,NA,Sidestripe shrimp,NA,NA,NA,Invertebrate,shrimps,Pandalopsis dispar,246375,Pandalopsis dispar,NDD
97075,Heterocarpus reedi,Animalia,Arthropoda,Malacostraca,Decapoda,Pandalidae,Heterocarpus,reedi,NA,Nylon shrimp,NA,NA,NA,Invertebrate,shrimps,Heterocarpus reedi,241283,Heterocarpus reedi,CHS
97314,Homarus americanus,Animalia,Arthropoda,Malacostraca,Decapoda,Nephropidae,Homarus,americanus,LOBSTER,American lobster,NA,NA,NA,Invertebrate,crabs-lobsters,Homarus americanus,156134,Homarus americanus,LBA
97317,Nephrops norvegicus,Animalia,Arthropoda,Malacostraca,Decapoda,Nephropidae,Nephrops,norvegicus,NA,Norway lobster,NA,NA,NA,Invertebrate,crabs-lobsters,Nephrops norvegicus,107254,Nephrops norvegicus,NEP
97648,Panulirus argus,Animalia,Arthropoda,Malacostraca,Decapoda,Palinuridae,Panulirus,argus,NA,Caribbean spiny lobster,NA,NA,NA,Invertebrate,crabs-lobsters,Panulirus argus,382891,Panulirus argus,SLC
97935,Paralithodes camtschaticus,Animalia,Arthropoda,Malacostraca,Decapoda,Lithodidae,Paralithodes,camtschaticus,RKCRAB,Red king crab,NA,NA,NA,Invertebrate,crabs-lobsters,Paralithodes camtschaticus,233889,Paralithodes camtschaticus,KCD
97936,Paralithodes platypus,Animalia,Arthropoda,Malacostraca,Decapoda,Lithodidae,Paralithodes,platypus,BKINGCRAB,Blue king crab,NA,NA,NA,Invertebrate,crabs-lobsters,Paralithodes platypus,254493,Paralithodes platypus,KCI
98428,Chionoecetes opilio,Animalia,Arthropoda,Malacostraca,Decapoda,Oregoniidae,Chionoecetes,opilio,SNOWCRAB,Snow crab,NA,NA,NA,Invertebrate,crabs-lobsters,Chionoecetes opilio,107315,Chionoecetes opilio,CRQ
98429,Chionoecetes bairdi,Animalia,Arthropoda,Malacostraca,Decapoda,Oregoniidae,Chionoecetes,bairdi,TANNERCRAB,Tanner crab,NA,NA,NA,Invertebrate,crabs-lobsters,Chionoecetes bairdi,368558,Chionoecetes bairdi,CVB
98679,Cancer irroratus,Animalia,Arthropoda,Malacostraca,Decapoda,Cancridae,Cancer,irroratus,NA,Rock crab,NA,NA,NA,Invertebrate,crabs-lobsters,Cancer irroratus,158057,Cancer irroratus,CRK
98696,Callinectes sapidus,Animalia,Arthropoda,Malacostraca,Decapoda,Portunidae,Callinectes,sapidus,NA,Blue crab,NA,NA,NA,Invertebrate,crabs-lobsters,Callinectes sapidus,107379,Callinectes sapidus,CRB
99152,Squilla mantis,Animalia,Arthropoda,Malacostraca,Stomatopoda,Squillidae,Squilla,mantis,NA,Spottail mantis shrimp,NA,NA,NA,Invertebrate,shrimps,Squilla mantis,136137,Squilla mantis,MTS
157969,Strongylocentrotus droebachiensis,Animalia,Echinodermata,Echinoidea,Camarodonta,Strongylocentrotidae,Strongylocentrotus,droebachiensis,NA,Green sea urchin,NA,NA,NA,Invertebrate,echinoderms,Strongylocentrotus droebachiensis,124321,Strongylocentrotus droebachiensis,UYD
158195,Cucumaria frondosa,Animalia,Echinodermata,Holothuroidea,Dendrochirotida,Cucumariidae,Cucumaria,frondosa,,Orange-footed sea cucumber,NA,NA,NA,Invertebrate,echinoderms,Cucumaria frondosa,124612,Cucumaria frondosa,KHG
159907,Cetorhinus maximus,Animalia,Chordata,Chondrichthyes,Lamniformes,Cetorhinidae,Cetorhinus,maximus,NA,Basking shark,NA,NA,NA,Sharks Rays and Skates,elasmobranchs,Cetorhinus maximus,105837,Cetorhinus maximus,BSK
159911,Lamna nasus,Animalia,Chordata,Elasmobranchii,Lamniformes,Lamnidae,Lamna,nasus,NA,Porbeagle shark,NA,NA,NA,Sharks Rays and Skates,elasmobranchs,Lamna nasus,105841,Lamna nasus,POR
159916,Alopias vulpinus,Animalia,Chordata,Chondrichthyes,Lamniformes,Cetorhinidae,Alopias,vulpinus,NA,Thresher shark,NA,NA,NA,Sharks Rays and Skates,elasmobranchs,Alopias vulpinus,105836,Alopias vulpinus,ALV
159924,Isurus oxyrinchus,Animalia,Chordata,Elasmobranchii,Lamniformes,Lamnidae,Isurus,oxyrinchus,SFMAKO,Shortfin mako,NA,NA,NA,Sharks Rays and Skates,elasmobranchs,Isurus oxyrinchus,105839,Isurus oxyrinchus,SMA
160034,Galeus melastomus,Animalia,Chordata,Chondrichthyes,Carcharhiniformes,Scyliorhinidae,Galeus,melastomus,NA,Blackmouth dogfish,Blackmouth catshark,NA,NA,Sharks Rays and Skates,elasmobranchs,Galeus melastomus,105812,Galeus melastomus,SHO
160065,Scyliorhinus canicula,Animalia,Chordata,Chondrichthyes,Carcharhiniformes,Scyliorhinidae,Scyliorhinus,canicula,NA,Lesser spotted dogfish,Small spotted catshark,NA,NA,Sharks Rays and Skates,elasmobranchs,Scyliorhinus canicula,105814,Scyliorhinus canicula,SYC
160067,Scyliorhinus stellaris,Animalia,Chordata,Chondrichthyes,Carcharhiniformes,Scyliorhinidae,Scyliorhinus,stellaris,NA,Greater spotted dogfish,Nursehound,NA,NA,Sharks Rays and Skates,elasmobranchs,Scyliorhinus stellaris,105815,Scyliorhinus stellaris,SYT
160181,Galeorhinus galeus,Animalia,Chordata,Chondrichthyes,Carcharhiniformes,Triakidae,Galeorhinus,galeus,NA,Tope shark,NA,NA,NA,Sharks Rays and Skates,elasmobranchs,Galeorhinus galeus,105820,Galeorhinus galeus,GAG
160200,Rhizoprionodon terraenovae,Animalia,Chordata,Elasmobranchii,Carcharhiniformes,Carcharhinidae,Rhizoprionodon,terraenovae,SNOSESHAR,Atlantic sharpnose shark,NA,NA,NA,Sharks Rays and Skates,elasmobranchs,Rhizoprionodon terraenovae,158510,Rhizoprionodon terraenovae,RHT
160226,Mustelus spp,Animalia,Chordata,Chondrichthyes,Carcharhiniformes,Triakidae,Mustelus,NA,NA,Smooth hound,NA,NA,NA,Sharks Rays and Skates,elasmobranchs,Mustelus,105732,Mustelus spp,SDV
160230,Mustelus canis,Animalia,Chordata,Elasmobranchii,Carcharhiniformes,Triakidae,Mustelus,canis,NA,Smooth dogfish,Dusky smooth hound,NA,NA,Sharks Rays and Skates,elasmobranchs,Mustelus canis,158518,Mustelus canis,CTI
160268,Carcharhinus obscurus,Animalia,Chordata,Elasmobranchii,Carcharhiniformes,Carcharhinidae,Carcharhinus,obscurus,NA,Dusky shark,NA,NA,NA,Sharks Rays and Skates,elasmobranchs,Carcharhinus obscurus,105796,Carcharhinus obscurus,DUS
160289,Carcharhinus plumbeus,Animalia,Chordata,Elasmobranchii,Carcharhiniformes,Carcharhinidae,Carcharhinus,plumbeus,SBARSHAR,Sandbar shark,NA,NA,NA,Sharks Rays and Skates,elasmobranchs,Carcharhinus plumbeus,105797,Carcharhinus plumbeus,CCP
160304,Carcharhinus acronotus,Animalia,Chordata,Elasmobranchii,Carcharhiniformes,Carcharhinidae,Carcharhinus,acronotus,BNOSESHAR,Blacknose shark,NA,NA,NA,Sharks Rays and Skates,elasmobranchs,Carcharhinus acronotus,158508,Carcharhinus acronotus,CCN
160310,Carcharhinus falciformis,Animalia,Chordata,Chondrichthyes,Carcharhiniformes,Carcharhinidae,Carcharhinus,falciformis,NA,Silky shark,NA,NA,NA,Sharks Rays and Skates,elasmobranchs,Carcharhinus falciformis,105789,Carcharhinus falciformis,FAL
160318,Carcharhinus limbatus,Animalia,Chordata,Elasmobranchii,Carcharhiniformes,Carcharhinidae,Carcharhinus,limbatus,BTIPSHAR,Blacktip shark,NA,NA,NA,Sharks Rays and Skates,elasmobranchs,Carcharhinus limbatus,105793,Carcharhinus limbatus,CCL
160330,Carcharhinus longimanus,Animalia,Chordata,Chondrichthyes,Carcharhiniformes,Carcharhinidae,Carcharhinus,longimanus,NA,Oceanic whitetip shark,NA,NA,NA,Sharks Rays and Skates,elasmobranchs,Carcharhinus longimanus,105794,Carcharhinus longimanus,OCS
160409,Carcharhinus isodon,Animalia,Chordata,Elasmobranchii,Carcharhiniformes,Carcharhinidae,Carcharhinus,isodon,FTOOTHSHAR,Finetooth shark,NA,NA,NA,Sharks Rays and Skates,elasmobranchs,Carcharhinus isodon,105791,Carcharhinus isodon,CCO
160424,Prionace glauca,Animalia,Chordata,Elasmobranchii,Carcharhiniformes,Carcharhinidae,Prionace,glauca,NA,Blue shark,NA,NA,NA,Sharks Rays and Skates,elasmobranchs,Prionace glauca,105801,Prionace glauca,BSH
160502,Sphyrna tiburo,Animalia,Chordata,Elasmobranchii,Carcharhiniformes,Sphyrnidae,Sphyrna,tiburo,BHEADSHAR,Bonnethead shark,NA,NA,NA,Sharks Rays and Skates,elasmobranchs,Sphyrna tiburo,158517,Sphyrna tiburo,SPJ
160508,Sphyrna lewini,Animalia,Chordata,Elasmobranchii,Carcharhiniformes,Sphyrnidae,Sphyrna,lewini,NA,Scalloped hammerhead,NA,NA,NA,Sharks Rays and Skates,elasmobranchs,Sphyrna lewini,105816,Sphyrna lewini,SPL
160617,Squalus acanthias,Animalia,Chordata,Elasmobranchii,Squaliformes,Squalidae,Squalus,acanthias,SDOG,Spiny dogfish,Spurdog,NA,NA,Sharks Rays and Skates,elasmobranchs,Squalus acanthias,105923,Squalus acanthias,DGS
160620,Squalus suckleyi,Animalia,Chordata,Elasmobranchii,Squaliformes,Squalidae,Squalus,suckleyi,,Spotted spiny dogfish,NA,NA,NA,Sharks Rays and Skates,elasmobranchs,Squalus suckleyi,299224,Squalus suckleyi,QYW
160635,Centrophorus squamosus,Animalia,Chordata,Chondrichthyes,Squaliformes,Centrophoridae,Centrophorus,squamosus,NA,Leafscale gulper shark,NA,NA,NA,Sharks Rays and Skates,elasmobranchs,Centrophorus squamosus,105901,Centrophorus squamosus,GUQ
160651,Dalatias licha,Animalia,Chordata,Chondrichthyes,Squaliformes,Dalatiidae,Dalatias,licha,NA,Kitefin shark,NA,NA,NA,Sharks Rays and Skates,elasmobranchs,Dalatias licha,105910,Dalatias licha,SCK
160788,Squatina squatina,Animalia,Chordata,Chondrichthyes,Squatiniformes,Squatinidae,Squatina,squatina,NA,Angel shark,NA,NA,NA,Sharks Rays and Skates,elasmobranchs,Squatina squatina,105928,Squatina squatina,AGN
160848,Raja binoculata,Animalia,Chordata,Elasmobranchii,Rajiformes,Rajidae,Raja,binoculata,NA,Big skate,NA,NA,NA,Sharks Rays and Skates,elasmobranchs,Raja binoculata,271572,Raja binoculata,JRI
160851,Raja rhina,Animalia,Chordata,Elasmobranchii,Rajiformes,Rajidae,Raja,rhina,LNOSESKA,Longnose skate,NA,NA,NA,Sharks Rays and Skates,elasmobranchs,Raja rhina,271581,Raja rhina,JAH
160855,Raja eglanteria,Animalia,Chordata,Elasmobranchii,Rajiformes,Rajidae,Raja,eglanteria,CSKAT,Clearnose skate,NA,NA,NA,Sharks Rays and Skates,elasmobranchs,Raja eglanteria,158556,Raja eglanteria,JFE
160880,Raja brachyura,Animalia,Chordata,Elasmobranchii,Rajiformes,Rajidae,Raja,brachyura,NA,Blonde ray,NA,NA,NA,Sharks Rays and Skates,elasmobranchs,Raja brachyura,367297,Raja brachyura,RJH
160882,Raja microocellata,Animalia,Chordata,Chondrichthyes,Rajiformes,Rajidae,Raja,microocellata,NA,Smalleyed ray,NA,NA,NA,Sharks Rays and Skates,elasmobranchs,Raja microocellata,105885,Raja microocellata,RJE
160883,Raja montagui,Animalia,Chordata,Chondrichthyes,Rajiformes,Rajidae,Raja,montagui,NA,Spotted ray,NA,NA,NA,Sharks Rays and Skates,elasmobranchs,Raja montagui,105887,Raja montagui,RJM
160900,Raja undulata,Animalia,Chordata,Chondrichthyes,Rajiformes,Rajidae,Raja,undulata,NA,Undulate ray,NA,NA,NA,Sharks Rays and Skates,elasmobranchs,Raja undulata,105891,Raja undulata,RJU
160901,Raja clavata,Animalia,Chordata,Elasmobranchii,Rajiformes,Rajidae,Raja,clavata,NA,Thornback skate,Thornback ray,NA,NA,Sharks Rays and Skates,elasmobranchs,Raja clavata,105883,Raja clavata,RJC
160939,Bathyraja parmifera,Animalia,Chordata,Elasmobranchii,Rajiformes,Arhynchobatidae,Bathyraja,parmifera,NA,Alaska skate,NA,NA,NA,Sharks Rays and Skates,elasmobranchs,Bathyraja parmifera,271528,Bathyraja parmifera,BYF
161722,Clupea harengus,Animalia,Chordata,Actinopterygii,Clupeiformes,Clupeidae,Clupea,harengus,HERR,Herring,Atlantic herring,NA,NA,Forage Fish,forage fish,Clupea harengus,126417,Clupea harengus,HER
161729,Sardinops sagax,Animalia,Chordata,Actinopterygii,Clupeiformes,Clupeidae,Sardinops,sagax,SARD,Sardine,Pacific sardine,NA,NA,Forage Fish,forage fish,Sardinops sagax,217452,Sardinops sagax,CHP
161732,Brevoortia tyrannus,Animalia,Chordata,Actinopterygii,Clupeiformes,Clupeidae,Brevoortia,tyrannus,MENAT,Atlantic menhaden,NA,NA,NA,Forage Fish,forage fish,Brevoortia tyrannus,158691,Brevoortia tyrannus,MHA
161734,Brevoortia patronus,Animalia,Chordata,Actinopterygii,Clupeiformes,Clupeidae,Brevoortia,patronus,MENGF,Gulf menhaden,NA,NA,NA,Forage Fish,forage fish,Brevoortia patronus,275500,Brevoortia patronus,MHG
161743,Etrumeus teres,Animalia,Chordata,Actinopterygii,Clupeiformes,Dussumieriidae,Etrumeus,teres,,Round herring,NA,NA,NA,Forage Fish,forage fish,Etrumeus teres,158693,Etrumeus teres,RRH
161763,Sardinella aurita,Animalia,Chordata,Actinopterygii,Clupeiformes,Clupeidae,Sardinella,aurita,NA,Round sardinella,NA,NA,NA,Forage Fish,forage fish,Sardinella aurita,126422,Sardinella aurita,SAA
161767,Sardinella maderensis,Animalia,Chordata,Actinopterygii,Clupeiformes,Clupeidae,Sardinella,maderensis,NA,Madeiran sardinella,NA,NA,NA,Forage Fish,forage fish,Sardinella maderensis,126423,Sardinella maderensis,SAE
161789,Sprattus sprattus,Animalia,Chordata,Actinopterygii,Clupeiformes,Clupeidae,Sprattus,sprattus,SPRAT,Sprat,European sprat,NA,NA,Forage Fish,forage fish,Sprattus sprattus,126425,Sprattus sprattus,SPR
161813,Sardina pilchardus,Animalia,Chordata,Actinopterygii,Clupeiformes,Clupeidae,Sardina,pilchardus,SARDP,European pilchard,Sardine,NA,NA,Forage Fish,forage fish,Sardina pilchardus,126421,Sardina pilchardus,PIL
161831,Engraulis encrasicolus,Animalia,Chordata,Actinopterygii,Clupeiformes,Engraulidae,Engraulis,encrasicolus,ANCHO,Anchovy,European anchovy,NA,NA,Forage Fish,forage fish,Engraulis encrasicolus,126426,Engraulis encrasicolus,ANE
161835,Engraulis japonicus,Animalia,Chordata,Actinopterygii,Clupeiformes,Engraulidae,Engraulis,japonicus,,Japanese anchovy,NA,NA,NA,Forage Fish,forage fish,Engraulis japonicus,219984,Engraulis japonicus,JAN
161975,Oncorhynchus gorbuscha,Animalia,Chordata,Actinopterygii,Salmoniformes,Salmonidae,Oncorhynchus,gorbuscha,PINK,Pink salmon,NA,NA,NA,Pacific Salmon,salmonids,Oncorhynchus gorbuscha,127182,Oncorhynchus gorbuscha,PIN
161976,Oncorhynchus keta,Animalia,Chordata,Actinopterygii,Salmoniformes,Salmonidae,Oncorhynchus,keta,CHUM,Chum salmon,NA,NA,NA,Pacific Salmon,salmonids,Oncorhynchus keta,127183,Oncorhynchus keta,CHU
161979,Oncorhynchus nerka,Animalia,Chordata,Actinopterygii,Salmoniformes,Salmonidae,Oncorhynchus,nerka,SOCK,Sockeye salmon,NA,NA,NA,Pacific Salmon,salmonids,Oncorhynchus nerka,254569,Oncorhynchus nerka,SOC
161997,Salmo trutta,Animalia,Chordata,Actinopterygii,Salmoniformes,Salmonidae,Salmo,trutta,NA,Sea trout,Brown trout,NA,NA,Other Marine,salmonids,Salmo trutta,127187,Salmo trutta,TRS
162035,Mallotus villosus,Animalia,Chordata,Actinopterygii,Osmeriformes,Osmeridae,Mallotus,villosus,CAPE,Capelin,NA,NA,NA,Forage Fish,forage fish,Mallotus villosus,126735,Mallotus villosus,CAP
162051,Thaleichthys pacificus,Animalia,Chordata,Actinopterygii,Osmeriformes,Osmeridae,Thaleichthys,pacificus,NA,Eulachon,NA,NA,NA,Forage Fish,forage fish,Thaleichthys pacificus,282959,Thaleichthys pacificus,EUL
162064,Argentina silus,Animalia,Chordata,Actinopterygii,Osmeriformes,Argentinidae,Argentina,silus,NA,Greater silver smelt,Greater argentine,NA,NA,Forage Fish,forage fish,Argentina silus,126715,Argentina silus,ARU
164498,Lophius spp,Animalia,Chordata,Actinopterygii,Lophiiformes,Lophiidae,Lophius,NA,NA,Anglerfish spp,NA,NA,NA,Other Marine,other marine fish,Lophius,125802,Lophius spp,MNZ
164499,Lophius americanus,Animalia,Chordata,Actinopterygii,Lophiiformes,Lophiidae,Lophius,americanus,MONK,Monkfish,Goosefish,NA,NA,Other Marine,other marine fish,Lophius americanus,159184,Lophius americanus,ANG
164501,Lophius piscatorius,Animalia,Chordata,Actinopterygii,Lophiiformes,Lophiidae,Lophius,piscatorius,NA,White anglerfish,Angler,NA,NA,Other Marine,other marine fish,Lophius piscatorius,126555,Lophius piscatorius,MON
164502,Lophius budegassa,Animalia,Chordata,Actinopterygii,Lophiiformes,Lophiidae,Lophius,budegassa,NA,Black bellied angler,NA,NA,NA,Other Marine,other marine fish,Lophius budegassa,126554,Lophius budegassa,ANK
164711,Gadus macrocephalus,Animalia,Chordata,Actinopterygii,Gadiformes,Gadidae,Gadus,macrocephalus,PCOD,Pacific cod,NA,NA,NA,Gadids,gadids,Gadus macrocephalus,254538,Gadus macrocephalus,PCO
164712,Gadus morhua,Animalia,Chordata,Actinopterygii,Gadiformes,Gadidae,Gadus,morhua,COD,Atlantic cod,NA,NA,NA,Gadids,gadids,Gadus morhua,126436,Gadus morhua,COD
164722,Theragra chalcogramma,Animalia,Chordata,Actinopterygii,Gadiformes,Gadidae,Theragra,chalcogramma,WPOLL,Walleye pollock,NA,NA,NA,Gadids,gadids,Gadus chalcogrammus,300735,Theragra chalcogramma,ALK
164727,Pollachius virens,Animalia,Chordata,Actinopterygii,Gadiformes,Gadidae,Pollachius,virens,POLL,Pollock,Saithe,NA,NA,Gadids,gadids,Pollachius virens,126441,Pollachius virens,POK
164728,Pollachius pollachius,Animalia,Chordata,Actinopterygii,Gadiformes,Gadidae,Pollachius,pollachius,NA,European pollack,NA,NA,NA,Gadids,gadids,Pollachius pollachius,126440,Pollachius pollachius,POL
164730,Urophycis chuss,Animalia,Chordata,Actinopterygii,Gadiformes,Phycidae,Urophycis,chuss,NA,Red hake,NA,NA,NA,Gadids,gadids,Urophycis chuss,126503,Urophycis chuss,HKR
164732,Urophycis tenuis,Animalia,Chordata,Actinopterygii,Gadiformes,Phycidae,Urophycis,tenuis,WHAKE,White hake,NA,NA,NA,Gadids,gadids,Urophycis tenuis,126504,Urophycis tenuis,HKW
164740,Brosme brosme,Animalia,Chordata,Actinopterygii,Gadiformes,Lotidae,Brosme,brosme,CUSK,Cusk,Tusk,NA,NA,Gadids,gadids,Brosme brosme,126447,Brosme brosme,USK
164744,Melanogrammus aeglefinus,Animalia,Chordata,Actinopterygii,Gadiformes,Gadidae,Melanogrammus,aeglefinus,HAD,Haddock,NA,NA,NA,Gadids,gadids,Melanogrammus aeglefinus,126437,Melanogrammus aeglefinus,HAD
164751,Phycis blennoides,Animalia,Chordata,Actinopterygii,Gadiformes,Phycidae,Phycis,blennoides,NA,Greater forkbeard,NA,NA,NA,Gadids,gadids,Phycis blennoides,126501,Phycis blennoides,GFB
164754,Trisopterus minutus,Animalia,Chordata,Actinopterygii,Gadiformes,Gadidae,Trisopterus,minutus,NA,Poor cod,NA,NA,NA,Gadids,gadids,Trisopterus minutus,126446,Trisopterus minutus,POD
164756,Trisopterus esmarkii,Animalia,Chordata,Actinopterygii,Gadiformes,Gadidae,Trisopterus,esmarkii,NPOUT,Norway pout,NA,NA,NA,Gadids,gadids,Trisopterus esmarkii,126444,Trisopterus esmarkii,NOP
164758,Merlangius merlangus,Animalia,Chordata,Actinopterygii,Gadiformes,Gadidae,Merlangius,merlangus,WHIT,Whiting,NA,NA,NA,Gadids,gadids,Merlangius merlangus,126438,Merlangius merlangus,WHG
164760,Molva molva,Animalia,Chordata,Actinopterygii,Gadiformes,Lotidae,Molva,molva,NA,Ling,NA,NA,NA,Gadids,gadids,Molva molva,126461,Molva molva,LIN
164761,Molva dypterygia,Animalia,Chordata,Actinopterygii,Gadiformes,Lotidae,Molva,dypterygia,NA,Blue ling,NA,NA,NA,Gadids,gadids,Molva dypterygia,126459,Molva dypterygia,BLI
164774,Micromesistius poutassou,Animalia,Chordata,Actinopterygii,Gadiformes,Gadidae,Micromesistius,poutassou,BWHIT,Blue whiting,NA,NA,NA,Gadids,gadids,Micromesistius poutassou,126439,Micromesistius poutassou,WHB
164775,Micromesistius australis,Animalia,Chordata,Actinopterygii,Gadiformes,Gadidae,Micromesistius,australis,SBWHIT,Southern blue whiting,NA,NA,NA,Gadids,gadids,Micromesistius australis,234781,Micromesistius australis,POS
164791,Merluccius bilinearis,Animalia,Chordata,Actinopterygii,Gadiformes,Merlucciidae,Merluccius,bilinearis,SHAKE,Silver hake,NA,NA,NA,Gadids,gadids,Merluccius bilinearis,158962,Merluccius bilinearis,HKS
164792,Merluccius productus,Animalia,Chordata,Actinopterygii,Gadiformes,Merlucciidae,Merluccius,productus,PHAKE,Pacific hake,North Pacific hake,NA,NA,Gadids,gadids,Merluccius productus,272458,Merluccius productus,NHA
164795,Merluccius merluccius,Animalia,Chordata,Actinopterygii,Gadiformes,Merlucciidae,Merluccius,merluccius,HAKE,Hake,European hake,NA,NA,Gadids,gadids,Merluccius merluccius,126484,Merluccius merluccius,HKE
164796,Merluccius paradoxus,Animalia,Chordata,Actinopterygii,Gadiformes,Merlucciidae,Merluccius,paradoxus,DEEPCHAKE,Deep water cape hake,Deep water hake,NA,NA,Gadids,gadids,Merluccius paradoxus,217745,Merluccius paradoxus,HKO
164797,Merluccius australis,Animalia,Chordata,Actinopterygii,Gadiformes,Merlucciidae,Merluccius,australis,SOUTHHAKE,Southern hake,NA,NA,NA,Gadids,gadids,Merluccius australis,272452,Merluccius australis,HKN
164798,Merluccius capensis,Animalia,Chordata,Actinopterygii,Gadiformes,Merlucciidae,Merluccius,capensis,CHAKE,Shallow water cape hake,South African hake,NA,NA,Gadids,gadids,Merluccius capensis,217746,Merluccius capensis,HKK
164799,Merluccius gayi,Animalia,Chordata,Actinopterygii,Gadiformes,Merlucciidae,Merluccius,gayi,PEHAKE,South Pacific hake,Peruvian hake,NA,NA,Gadids,gadids,Merluccius gayi,,Merluccius gayi,PHA
164800,Merluccius hubbsi,Animalia,Chordata,Actinopterygii,Gadiformes,Merlucciidae,Merluccius,hubbsi,ARGHAKE,Argentine hake,NA,NA,NA,Gadids,gadids,Merluccius hubbsi,272455,Merluccius hubbsi,HKP
165000,Genypterus blacodes,Animalia,Chordata,Actinopterygii,Ophidiiformes,Ophidiidae,Genypterus,blacodes,NZLING,Ling,Pink cusk eel,NA,NA,Other Marine,other marine fish,Genypterus blacodes,278702,Genypterus blacodes,CUS
165001,Genypterus capensis,Animalia,Chordata,Actinopterygii,Ophidiiformes,Ophidiidae,Genypterus,capensis,KINGKLIP,Kingklip,NA,NA,NA,Other Marine,other marine fish,Genypterus capensis,217800,Genypterus capensis,KCP
165350,Coryphaenoides rupestris,Animalia,Chordata,Actinopterygii,Gadiformes,Macrouridae,Coryphaenoides,rupestris,NA,Roundnose grenadier,NA,NA,NA,Gadids,gadids,Coryphaenoides rupestris,158960,Coryphaenoides rupestris,RNG
165421,Macrourus berglax,Animalia,Chordata,Actinopterygii,Gadiformes,Macrouridae,Macrourus,berglax,NA,Roughhead grenadier,NA,NA,NA,Gadids,gadids,Macrourus berglax,126472,Macrourus berglax,RHG
165609,Cololabis saira,Animalia,Chordata,Actinopterygii,Beloniformes,Scomberesocidae,Cololabis,saira,,Pacific saury,NA,NA,NA,Forage Fish,forage fish,Cololabis saira,280366,Cololabis saira,SAP
166139,Hoplostethus atlanticus,Animalia,Chordata,Actinopterygii,Beryciformes,Trachichthyidae,Hoplostethus,atlanticus,OROUGHY,Orange roughy,NA,NA,NA,Other Marine,other marine fish,Hoplostethus atlanticus,126402,Hoplostethus atlanticus,ORY
166154,Beryx spp,Animalia,Chordata,Actinopterygii,Beryciformes,Berycidae,Beryx,NA,NA,Beryx spp,NA,NA,NA,Other Marine,other marine fish,Beryx,125700,Beryx spp,ALF
166156,Beryx splendens,Animalia,Chordata,Actinopterygii,Beryciformes,Berycidae,Beryx,splendens,NA,Alfonsino,NA,NA,NA,Other Marine,other marine fish,Beryx splendens,126395,Beryx splendens,BYS
166320,Capros aper,Animalia,Chordata,Actinopterygii,Perciformes,Caproidae,Capros,aper,NA,Boarfish,NA,NA,NA,Other Marine,other marine fish,Capros aper,127419,Capros aper,BOC
166705,Sebastes spp,Animalia,Chordata,Actinopterygii,Scorpaeniformes,Sebastidae,Sebastes,NA,SEBASTES,Sebastes species,Redfish species,NA,NA,Rockfish,sebastids,Sebastes,126175,Sebastes spp,RED
166706,Sebastes aleutianus,Animalia,Chordata,Actinopterygii,Scorpaeniformes,Sebastidae,Sebastes,aleutianus,REYEROCK,Rougheye rockfish,NA,NA,NA,Rockfish,sebastids,Sebastes aleutianus,274771,Sebastes aleutianus,SFT
166707,Sebastes alutus,Animalia,Chordata,Actinopterygii,Scorpaeniformes,Sebastidae,Sebastes,alutus,POPERCH,Pacific ocean perch,NA,NA,NA,Rockfish,sebastids,Sebastes alutus,254573,Sebastes alutus,OPP
166708,Sebastes auriculatus,Animalia,Chordata,Actinopterygii,Scorpaeniformes,Sebastidae,Sebastes,auriculatus,NA,Brown rockfish,NA,NA,NA,Rockfish,sebastids,Sebastes auriculatus,274773,Sebastes auriculatus,RIQ
166709,Sebastes aurora,Animalia,Chordata,Actinopterygii,Scorpaeniformes,Sebastidae,Sebastes,aurora,NA,Aurora rockfish,NA,NA,NA,Rockfish,sebastids,Sebastes aurora,274774,Sebastes aurora,RVR
166712,Sebastes borealis,Animalia,Chordata,Actinopterygii,Scorpaeniformes,Sebastidae,Sebastes,borealis,SRAKEROCK,Shortraker rockfish,NA,NA,NA,Rockfish,sebastids,Sebastes borealis,274777,Sebastes borealis,SFB
166713,Sebastes caurinus,Animalia,Chordata,Actinopterygii,Scorpaeniformes,Sebastidae,Sebastes,caurinus,NA,Copper rockfish,NA,NA,NA,Rockfish,sebastids,Sebastes caurinus,274780,Sebastes caurinus,SFJ
166715,Sebastes crameri,Animalia,Chordata,Actinopterygii,Scorpaeniformes,Sebastidae,Sebastes,crameri,DKROCK,Darkblotched rockfish,NA,NA,NA,Rockfish,sebastids,Sebastes crameri,274785,Sebastes crameri,RFC
166716,Sebastes diploproa,Animalia,Chordata,Actinopterygii,Scorpaeniformes,Sebastidae,Sebastes,diploproa,,Splitnose rockfish,NA,NA,NA,Rockfish,sebastids,Sebastes diploproa,274787,Sebastes diploproa,SFD
166717,Sebastes elongatus,Animalia,Chordata,Actinopterygii,Scorpaeniformes,Sebastidae,Sebastes,elongatus,,Greenstriped rockfish,NA,NA,NA,Rockfish,sebastids,Sebastes elongatus,274788,Sebastes elongatus,SFE
166719,Sebastes entomelas,Animalia,Chordata,Actinopterygii,Scorpaeniformes,Sebastidae,Sebastes,entomelas,WROCK,Widow rockfish,NA,NA,NA,Rockfish,sebastids,Sebastes entomelas,274791,Sebastes entomelas,WRO
166720,Sebastes flavidus,Animalia,Chordata,Actinopterygii,Scorpaeniformes,Sebastidae,Sebastes,flavidus,YTROCK,Yellowtail rockfish,NA,NA,NA,Rockfish,sebastids,Sebastes flavidus,274795,Sebastes flavidus,YRO
166722,Sebastes goodei,Animalia,Chordata,Actinopterygii,Scorpaeniformes,Sebastidae,Sebastes,goodei,CHILI,Chilipepper rockfish,Chilipepper,NA,NA,Rockfish,sebastids,Sebastes goodei,274798,Sebastes goodei,SGO
166725,Sebastes jordani,Animalia,Chordata,Actinopterygii,Scorpaeniformes,Sebastidae,Sebastes,jordani,SBELLYROCK,Shortbelly rockfish,NA,NA,NA,Rockfish,sebastids,Sebastes jordani,274806,Sebastes jordani,SFK
166726,Sebastes maliger,Animalia,Chordata,Actinopterygii,Scorpaeniformes,Sebastidae,Sebastes,maliger,NA,Quillback rockfish,NA,NA,NA,Rockfish,sebastids,Sebastes maliger,274815,Sebastes maliger,SFG
166727,Sebastes melanops,Animalia,Chordata,Actinopterygii,Scorpaeniformes,Sebastidae,Sebastes,melanops,BLACKROCK,Black rockfish,NA,NA,NA,Rockfish,sebastids,Sebastes melanops,274817,Sebastes melanops,RMG
166728,Sebastes melanostomus,Animalia,Chordata,Actinopterygii,Scorpaeniformes,Sebastidae,Sebastes,melanostomus,BGROCK,Blackgill rockfish,NA,NA,NA,Rockfish,sebastids,Sebastes melanostomus,274819,Sebastes melanostomus,RVM
166730,Sebastes mystinus,Animalia,Chordata,Actinopterygii,Scorpaeniformes,Sebastidae,Sebastes,mystinus,BLUEROCK,Blue rockfish,NA,NA,NA,Rockfish,sebastids,Sebastes mystinus,274823,Sebastes mystinus,SFY
166731,Sebastes nebulosus,Animalia,Chordata,Actinopterygii,Scorpaeniformes,Sebastidae,Sebastes,nebulosus,NA,China rockfish,NA,NA,NA,Rockfish,sebastids,Sebastes nebulosus,274824,Sebastes nebulosus,RVN
166733,Sebastes paucispinis,Animalia,Chordata,Actinopterygii,Scorpaeniformes,Sebastidae,Sebastes,paucispinis,BOCACC,Bocaccio,NA,NA,NA,Rockfish,sebastids,Sebastes paucispinis,274833,Sebastes paucispinis,SBC
166734,Sebastes pinniger,Animalia,Chordata,Actinopterygii,Scorpaeniformes,Sebastidae,Sebastes,pinniger,CROCK,Canary rockfish,NA,NA,NA,Rockfish,sebastids,Sebastes pinniger,274836,Sebastes pinniger,SPG
166735,Sebastes polyspinis,Animalia,Chordata,Actinopterygii,Scorpaeniformes,Sebastidae,Sebastes,polyspinis,NROCK,Northern rockfish,NA,NA,NA,Rockfish,sebastids,Sebastes polyspinis,274837,Sebastes polyspinis,RVP
166736,Sebastes proriger,Animalia,Chordata,Actinopterygii,Scorpaeniformes,Scorpaenidae,Sebastes,proriger,NA,Redstripe rockfish,NA,NA,NA,Rockfish,sebastids,Sebastes proriger,274838,Sebastes proriger,RPJ
166740,Sebastes ruberrimus,Animalia,Chordata,Actinopterygii,Scorpaeniformes,Sebastidae,Sebastes,ruberrimus,YEYEROCK,Yelloweye rockfish,NA,NA,NA,Rockfish,sebastids,Sebastes ruberrimus,274844,Sebastes ruberrimus,RRV
166744,Sebastes zacentrus,Animalia,Chordata,Actinopterygii,Scorpaeniformes,Sebastidae,Sebastes,zacentrus,NA,Sharpchin rockfish,NA,NA,NA,Rockfish,sebastids,Sebastes zacentrus,274869,Sebastes zacentrus,RVZ
166748,Sebastes chlorostictus,Animalia,Chordata,Actinopterygii,Scorpaeniformes,Sebastidae,Sebastes,chlorostictus,,Greenspotted rockfish,NA,NA,NA,Rockfish,sebastids,Sebastes chlorostictus,274781,Sebastes chlorostictus,QYR
166754,Sebastes levis,Animalia,Chordata,Actinopterygii,Scorpaeniformes,Sebastidae,Sebastes,levis,COWCOD,Cowcod,NA,NA,NA,Rockfish,sebastids,Sebastes levis,274812,Sebastes levis,QYT
166756,Sebastes mentella,Animalia,Chordata,Actinopterygii,Scorpaeniformes,Sebastidae,Sebastes,mentella,REDMEN,Deepwater redfish,Beaked redfish,NA,NA,Rockfish,sebastids,Sebastes mentella,127254,Sebastes mentella,REB
166761,Sebastes rufus,Animalia,Chordata,Actinopterygii,Scorpaeniformes,Sebastidae,Sebastes,rufus,,Bank rockfish,NA,NA,NA,Rockfish,sebastids,Sebastes rufus,274847,Sebastes rufus,QYV
166767,Sebastes carnatus,Animalia,Chordata,Actinopterygii,Scorpaeniformes,Sebastidae,Sebastes,carnatus,GOPHER,Gopher rockfish,NA,NA,NA,Rockfish,sebastids,Sebastes carnatus,274779,Sebastes carnatus,QYS
166774,Sebastes fasciatus,Animalia,Chordata,Actinopterygii,Scorpaeniformes,Sebastidae,Sebastes,fasciatus,ACADRED,Acadian redfish,Redfish,NA,NA,Rockfish,sebastids,Sebastes fasciatus,127252,Sebastes fasciatus,REN
166781,Sebastes norvegicus,Animalia,Chordata,Actinopterygii,Scorpaeniformes,Sebastidae,Sebastes,norvegicus,GOLDRED,Golden redfish,NA,NA,NA,Rockfish,sebastids,Sebastes norvegicus,151324,Sebastes marinus,REG
166783,Sebastolobus alascanus,Animalia,Chordata,Actinopterygii,Scorpaeniformes,Sebastidae,Sebastolobus,alascanus,SSTHORNH,Shortspine thornyhead,NA,NA,NA,Rockfish,sebastids,Sebastolobus alascanus,282740,Sebastolobus alascanus,SJU
166784,Sebastolobus altivelis,Animalia,Chordata,Actinopterygii,Scorpaeniformes,Sebastidae,Sebastolobus,altivelis,LSTHORNH,Longspine thornyhead,NA,NA,NA,Rockfish,sebastids,Sebastolobus altivelis,282741,Sebastolobus altivelis,SJZ
166785,Sebastolobus macrochir,Animalia,Chordata,Actinopterygii,Scorpaeniformes,Sebastidae,Sebastolobus,macrochir,NA,Broadbanded thornyhead,Kichiji rockfish,NA,NA,Rockfish,sebastids,Sebastolobus macrochir,282742,Sebastolobus macrochir,SJW
166827,Scorpaena guttata,Animalia,Chordata,Actinopterygii,Scorpaeniformes,Scorpaenidae,Scorpaena,guttata,CALSCORP,California scorpionfish,NA,NA,NA,Other Marine,other scorpaenids,Scorpaena guttata,274713,Scorpaena guttata,SGZ
167044,Eutrigla gurnardus,Animalia,Chordata,Actinopterygii,Scorpaeniformes,Triglidae,Eutrigla,gurnardus,NA,Grey gurnard,NA,NA,NA,Other Marine,other scorpaenids,Eutrigla gurnardus,150637,Eutrigla gurnardus,GUG
167052,Chelidonichthys kumu,Animalia,Chordata,Teleostei,Scorpaeniformes,Triglidae,Chelidonichthys,kumu,NA,Bluefin gurnard,Pacific red gurnard,NA,NA,Other Marine,other scorpaenids,Chelidonichthys kumu,218122,,
167110,Hexagrammos decagrammus,Animalia,Chordata,Actinopterygii,Scorpaeniformes,Hexagrammidae,Hexagrammos,decagrammus,KELPGREENLING,Kelp greenling,NA,NA,NA,Other Marine,other scorpaenids,Hexagrammos decagrammus,240732,Hexagrammos decagrammus,HXQ
167116,Ophiodon elongatus,Animalia,Chordata,Actinopterygii,Scorpaeniformes,Hexagrammidae,Ophiodon,elongatus,LINGCOD,Lingcod,NA,NA,NA,Other Marine,other scorpaenids,Ophiodon elongatus,240745,Ophiodon elongatus,CLI
167120,Pleurogrammus monopterygius,Animalia,Chordata,Actinopterygii,Scorpaeniformes,Hexagrammidae,Pleurogrammus,monopterygius,ATKA,Atka mackerel,NA,NA,NA,Other Marine,other scorpaenids,Pleurogrammus monopterygius,282289,Pleurogrammus monopterygius,HUM
167123,Anoplopoma fimbria,Animalia,Chordata,Actinopterygii,Scorpaeniformes,Anoplopomatidae,Anoplopoma,fimbria,SABLEF,Sablefish,NA,NA,NA,Other Marine,other scorpaenids,Anoplopoma fimbria,159463,Anoplopoma fimbria,SAB
167612,Cyclopterus lumpus,Animalia,Chordata,Actinopterygii,Scorpaeniformes,Cyclopteridae,Cyclopterus,lumpus,NA,Lumpfish,NA,NA,NA,Other Marine,other scorpaenids,Cyclopterus lumpus,127214,Cyclopterus lumpus,LUM
167680,Morone saxatilis,Animalia,Chordata,Actinopterygii,Perciformes,Moronidae,Morone,saxatilis,STRIPEDBASS,Striped bass,NA,NA,NA,Other Marine,other marine percoidids,Morone saxatilis,151179,Morone saxatilis,STB
167687,Centropristis striata,Animalia,Chordata,Actinopterygii,Perciformes,Serranidae,Centropristis,striata,BSBASS,Black sea bass,NA,NA,NA,Other Marine,other marine percoidids,Centropristis striata,159348,Centropristis striata,BSB
167695,Epinephelus itajara,Animalia,Chordata,Actinopterygii,Perciformes,Serranidae,Epinephelus,itajara,NA,Goliath grouper,NA,NA,NA,Other Marine,other marine percoidids,Epinephelus itajara,159353,Epinephelus itajara,EET
167699,Epinephelus flavolimbatus,Animalia,Chordata,Actinopterygii,Perciformes,Serranidae,Epinephelus,flavolimbatus,,Yellowedge grouper,NA,NA,NA,Other Marine,other marine percoidids,Hyporthodus flavolimbatus,475077,Epinephelus flavolimbatus,EEL
167702,Epinephelus morio,Animalia,Chordata,Actinopterygii,Perciformes,Serranidae,Epinephelus,morio,RGROUP,Red grouper,NA,NA,NA,Other Marine,other marine percoidids,Epinephelus morio,159354,Epinephelus morio,GPR
167705,Epinephelus niveatus,Animalia,Chordata,Actinopterygii,Perciformes,Serranidae,Epinephelus,niveatus,SNOWGROUP,Snowy grouper,NA,NA,NA,Other Marine,other marine percoidids,Hyporthodus niveatus,475101,Epinephelus niveatus,EFV
167759,Mycteroperca microlepis,Animalia,Chordata,Actinopterygii,Perciformes,Serranidae,Mycteroperca,microlepis,GAG,Gag,NA,NA,NA,Other Marine,other marine percoidids,Mycteroperca microlepis,273880,Mycteroperca microlepis,MKM
167760,Mycteroperca bonaci,Animalia,Chordata,Actinopterygii,Perciformes,Serranidae,Mycteroperca,bonaci,,Black grouper,NA,NA,NA,Other Marine,other marine percoidids,Mycteroperca bonaci,159231,Mycteroperca bonaci,MAB
168298,Epigonus telescopus,Animalia,Chordata,Actinopterygii,Perciformes,Epigonidae,Epigonus,telescopus,,Black cardinalfish,NA,NA,NA,Other Marine,other marine percoidids,Epigonus telescopus,126858,Epigonus telescopus,EPI
168307,Epigonus crassicaudus,Animalia,Chordata,Actinopterygii,Perciformes,Epigonidae,Epigonus,crassicaudus,NA,Deepwater cardinalfish,NA,NA,NA,Other Marine,other marine percoidids,Epigonus crassicaudus,273404,Epigonus crassicaudus,EGV
168543,Caulolatilus microps,Animalia,Chordata,Actinopterygii,Perciformes,Malacanthidae,Caulolatilus,microps,NA,Blueline tilefish,NA,NA,NA,Other Marine,other marine percoidids,Caulolatilus microps,159404,Caulolatilus microps,ULM
168546,Lopholatilus chamaeleonticeps,Animalia,Chordata,Actinopterygii,Perciformes,Malacanthidae,Lopholatilus,chamaeleonticeps,TILE,Tilefish,NA,NA,NA,Other Marine,other marine percoidids,Lopholatilus chamaeleonticeps,159406,Lopholatilus chamaeleonticeps,TIL
168559,Pomatomus saltatrix,Animalia,Chordata,Actinopterygii,Perciformes,Pomatomidae,Pomatomus,saltatrix,BLUEFISH,Bluefish,NA,NA,NA,Other Marine,other marine percoidids,Pomatomus saltatrix,151482,Pomatomus saltatrix,BLU
168566,Rachycentron canadum,Animalia,Chordata,Actinopterygii,Perciformes,Rachycentridae,Rachycentron,canadum,NA,Cobia,NA,NA,NA,Other Marine,other marine percoidids,Rachycentron canadum,127006,Rachycentron canadum,CBA
168588,Trachurus trachurus,Animalia,Chordata,Actinopterygii,Perciformes,Carangidae,Trachurus,trachurus,NA,Horse mackerel,NA,NA,NA,Forage Fish,carangids-mackerels,Trachurus trachurus,126822,Trachurus trachurus,HOM
168590,Trachurus mediterraneus,Animalia,Chordata,Actinopterygii,Perciformes,Carangidae,Trachurus,mediterraneus,NA,Mediterranean horse mackerel,NA,NA,NA,Forage Fish,carangids-mackerels,Trachurus mediterraneus,126820,Trachurus mediterraneus,HMM
168593,Trachurus picturatus,Animalia,Chordata,Actinopterygii,Perciformes,Carangidae,Trachurus,picturatus,NA,Blue jack mackerel,NA,NA,NA,Forage Fish,carangids-mackerels,Trachurus picturatus,126821,Trachurus picturatus,JAA
168595,Trachurus trecae,Animalia,Chordata,Actinopterygii,Perciformes,Carangidae,Trachurus,trecae,NA,Cunene horse mackerel,NA,NA,NA,Forage Fish,carangids-mackerels,Trachurus trecae,126823,Trachurus trecae,HMZ
168597,Trachurus murphyi,Animalia,Chordata,Actinopterygii,Perciformes,Carangidae,Trachurus,murphyi,CHTRAC,Chilean jack mackerel,NA,NA,NA,Forage Fish,carangids-mackerels,Trachurus murphyi,273303,Trachurus murphyi,CJM
168598,Trachurus capensis,Animalia,Chordata,Actinopterygii,Perciformes,Carangidae,Trachurus,capensis,CTRAC,Cape horse mackerel,NA,NA,NA,Forage Fish,carangids-mackerels,Trachurus capensis,218444,Trachurus capensis,HMC
168618,Caranx ignobilis,Animalia,Chordata,Actinopterygii,Perciformes,Carangidae,Caranx,ignobilis,NA,Giant trevally,NA,NA,NA,Other Marine,carangids-mackerels,Caranx ignobilis,218414,Caranx ignobilis,NXI
168641,Pseudocaranx dentex,Animalia,Chordata,Actinopterygii,Perciformes,Carangidae,Pseudocaranx,dentex,TREVALLY,Trevally,White trevally,NA,NA,Other Marine,carangids-mackerels,Pseudocaranx dentex,126812,Pseudocaranx dentex,TRZ
168689,Seriola dumerili,Animalia,Chordata,Actinopterygii,Perciformes,Carangidae,Seriola,dumerili,GRAMBER,Greater amberjack,NA,NA,NA,Other Marine,carangids-mackerels,Seriola dumerili,126816,Seriola dumerili,AMB
168698,Seriola quinqueradiata,Animalia,Chordata,Actinopterygii,Perciformes,Carangidae,Seriola,quinqueradiata,NA,Japanese amberjack,NA,NA,NA,Other Marine,carangids-mackerels,Seriola quinqueradiata,276651,Seriola quinqueradiata,AMJ
168736,Decapterus muroadsi,Animalia,Chordata,Actinopterygii,Perciformes,Carangidae,Decapterus,muroadsi,NA,Amberstripe scad,NA,NA,NA,Forage Fish,carangids-mackerels,Decapterus muroadsi,273279,Decapterus muroadsi,DCD
168827,Arripis trutta,Animalia,Chordata,Actinopterygii,Perciformes,Arripidae,Arripis,trutta,AUSSALMON,Australian salmon,NA,NA,NA,Other Marine,other marine percoidids,Arripis trutta,279693,Arripis trutta,ASA
168848,Lutjanus griseus,Animalia,Chordata,Actinopterygii,Perciformes,Lutjanidae,Lutjanus,griseus,NA,Gray snapper,NA,NA,NA,Other Marine,other marine percoidids,Lutjanus griseus,159797,Lutjanus griseus,LJI
168849,Lutjanus analis,Animalia,Chordata,Actinopterygii,Perciformes,Lutjanidae,Lutjanus,analis,MUTSNAP,Mutton snapper,NA,NA,NA,Other Marine,other marine percoidids,Lutjanus analis,159792,Lutjanus analis,LJN
168853,Lutjanus campechanus,Animalia,Chordata,Actinopterygii,Perciformes,Lutjanidae,Lutjanus,campechanus,RSNAP,Red snapper,NA,NA,NA,Other Marine,other marine percoidids,Lutjanus campechanus,159795,Lutjanus campechanus,SNR
168860,Lutjanus synagris,Animalia,Chordata,Actinopterygii,Perciformes,Lutjanidae,Lutjanus,synagris,NA,Lane snapper,NA,NA,NA,Other Marine,other marine percoidids,Lutjanus synagris,159800,Lutjanus synagris,SNL
168861,Lutjanus vivanus,Animalia,Chordata,Actinopterygii,Perciformes,Lutjanidae,Lutjanus,vivanus,NA,Silk snapper,NA,NA,NA,Other Marine,other marine percoidids,Lutjanus vivanus,159801,Lutjanus vivanus,LTJ
168905,Etelis coruscans,Animalia,Chordata,Actinopterygii,Perciformes,Lutjanidae,Etelis,coruscans,NA,Flame snapper,Deepwater longtail red snapper,NA,NA,Other Marine,other marine percoidids,Etelis coruscans,212544,Etelis coruscans,ETC
168907,Ocyurus chrysurus,Animalia,Chordata,Actinopterygii,Perciformes,Lutjanidae,Ocyurus,chrysurus,YTSNAP,Yellowtail snapper,NA,NA,NA,Other Marine,other marine percoidids,Ocyurus chrysurus,159803,Ocyurus chrysurus,SNY
168909,Rhomboplites aurorubens,Animalia,Chordata,Actinopterygii,Perciformes,Lutjanidae,Rhomboplites,aurorubens,VSNAP,Vermilion snapper,NA,NA,NA,Other Marine,other marine percoidids,Rhomboplites aurorubens,159807,Rhomboplites aurorubens,RPU
168916,Pristipomoides filamentosus,Animalia,Chordata,Actinopterygii,Perciformes,Lutjanidae,Pristipomoides,filamentosus,NA,Crimson jobfish,NA,NA,NA,Other Marine,other marine percoidids,Pristipomoides filamentosus,218511,Pristipomoides filamentosus,PFM
168918,Pristipomoides sieboldii,Animalia,Chordata,Actinopterygii,Perciformes,Lutjanidae,Pristipomoides,sieboldii,NA,Lavender jobfish,NA,NA,NA,Other Marine,other marine percoidids,Pristipomoides sieboldii,218509,Pristipomoides sieboldii,LRB
168926,Aprion virescens,Animalia,Chordata,Actinopterygii,Perciformes,Lutjanidae,Aprion,virescens,NA,Green jobfish,NA,NA,NA,Other Marine,other marine percoidids,Aprion virescens,212546,Aprion virescens,AVR
169108,Brachydeuterus auritus,Animalia,Chordata,Actinopterygii,Perciformes,Haemulidae,Brachydeuterus,auritus,NA,Bigeye grunt,NA,NA,NA,Other Marine,other marine percoidids,Brachydeuterus auritus,126943,Brachydeuterus auritus,GRB
169182,Stenotomus chrysops,Animalia,Chordata,Actinopterygii,Perciformes,Sparidae,Stenotomus,chrysops,SCUP,Scup,NA,NA,NA,Other Marine,other marine percoidids,Stenotomus chrysops,159811,Stenotomus chrysops,SCP
169190,Archosargus rhomboidalis,Animalia,Chordata,Actinopterygii,Perciformes,Sparidae,Archosargus,rhomboidalis,,Sea bream,NA,NA,NA,Other Marine,other marine percoidids,Archosargus rhomboidalis,159239,Archosargus rhomboidalis,AVB
169207,Pagrus pagrus,Animalia,Chordata,Actinopterygii,Perciformes,Sparidae,Pagrus,pagrus,RPORGY,Common seabream,Red porgy,NA,NA,Other Marine,other marine percoidids,Pagrus pagrus,127063,Pagrus pagrus,RPG
169211,Pagellus spp,Animalia,Chordata,Actinopterygii,Perciformes,Sparidae,Pagellus,NA,NA,Pandora spp,NA,NA,NA,Other Marine,other marine percoidids,Pagellus spp,126079,Pagellus spp,PAX
169212,Pagellus bogaraveo,Animalia,Chordata,Actinopterygii,Perciformes,Sparidae,Pagellus,bogaraveo,NA,Red seabream,NA,NA,NA,Other Marine,other marine percoidids,Pagellus bogaraveo,127059,Pagellus bogaraveo,SBR
169213,Pagellus acarne,Animalia,Chordata,Actinopterygii,Perciformes,Sparidae,Pagellus,acarne,NA,Axillary seabream,NA,NA,NA,Other Marine,other marine percoidids,Pagellus acarne,127057,Pagellus acarne,SBA
169215,Pagellus erythrinus,Animalia,Chordata,Actinopterygii,Perciformes,Sparidae,Pagellus,erythrinus,NA,Common pandora,NA,NA,NA,Other Marine,other marine percoidids,Pagellus erythrinus,127060,Pagellus erythrinus,PAC
169221,Dentex macrophthalmus,Animalia,Chordata,Actinopterygii,Perciformes,Sparidae,Dentex,macrophthalmus,NA,Large eye dentex,NA,NA,NA,Other Marine,other marine percoidids,Dentex macrophthalmus,273965,Dentex macrophthalmus,DEL
169225,Sparus spp,Animalia,Chordata,Actinopterygii,Perciformes,Sparidae,Sparus,NA,NA,Seabreams spp,NA,NA,NA,Other Marine,other marine percoidids,Sparus spp,126082,Sparus spp,
169231,Chrysophrys auratus,Animalia,Chordata,Actinopterygii,Perciformes,Sparidae,Chrysophrys,auratus,NZSNAP,New Zealand snapper,Snapper,NA,NA,Other Marine,other marine percoidids,Chrysophrys auratus,367239,Pagrus auratus,GSU
169241,Cynoscion regalis,Animalia,Chordata,Actinopterygii,Perciformes,Sciaenidae,Cynoscion,regalis,WEAKFISH,Weakfish,NA,NA,NA,Other Marine,other marine percoidids,Cynoscion regalis,159313,Cynoscion regalis,STG
169283,Micropogonias undulatus,Animalia,Chordata,Actinopterygii,Perciformes,Sciaenidae,Micropogonias,undulatus,ATLCROAK,Atlantic croaker,NA,NA,NA,Other Marine,other marine percoidids,Micropogonias undulatus,151158,Micropogonias undulatus,CKA
169409,Mulloidichthys flavolineatus,Animalia,Chordata,Actinopterygii,Perciformes,Mullidae,Mulloidichthys,flavolineatus,NA,Yellowstripe goatfish,NA,NA,NA,Other Marine,other marine percoidids,Mulloidichthys flavolineatus,218647,Mulloidichthys flavolineatus,MUV
169418,Mullus surmuletus,Animalia,Chordata,Actinopterygii,Perciformes,Mullidae,Mullus,surmuletus,NA,Surmullet,Striped red mullet,NA,NA,Other Marine,other marine percoidids,Mullus surmuletus,126986,Mullus surmuletus,MUR
169419,Mullus barbatus,Animalia,Chordata,Actinopterygii,Perciformes,Mullidae,Mullus,barbatus,NA,Red mullet,NA,NA,NA,Other Marine,other marine percoidids,Mullus barbatus,,Mullus barbatus,MUT
169450,Parupeneus bifasciatus,Animalia,Chordata,Actinopterygii,Perciformes,Mullidae,Parupeneus,bifasciatus,NA,Twosaddle goatfish,NA,NA,NA,Other Marine,other marine percoidids,Parupeneus bifasciatus,218670,Parupeneus bifasciatus,RPB
169452,Parupeneus porphyreus,Animalia,Chordata,Actinopterygii,Perciformes,Mullidae,Parupeneus,porphyreus,NA,Whitesaddle goatfish,NA,NA,NA,Other Marine,other marine percoidids,Parupeneus porphyreus,218662,Parupeneus porphyreus,RPH
170262,Nemadactylus macropterus,Animalia,Chordata,Actinopterygii,Perciformes,Cheilodactylidae,Nemadactylus,macropterus,MORWONG,Tarakihi,Jackass morwong,NA,NA,Other Marine,other marine percoidids,Nemadactylus macropterus,281653,Nemadactylus macropterus,TAK
170317,Dicentrarchus labrax,Animalia,Chordata,Actinopterygii,Perciformes,Moronidae,Dicentrarchus,labrax,NA,European seabass,NA,NA,NA,Other Marine,other marine percoidids,Dicentrarchus labrax,126975,Dicentrarchus labrax,BSS
170335,Mugil cephalus,Animalia,Chordata,Actinopterygii,Perciformes,Mugilidae,Mugil,cephalus,,Sea mullet,NA,NA,NA,Other Marine,other marine fish,Mugil cephalus,126983,Mugil cephalus,MUF
170566,Lachnolaimus maximus,Animalia,Chordata,Actinopterygii,Perciformes,Labridae,Lachnolaimus,maximus,NA,Hogfish,NA,NA,NA,Other Marine,other marine fish,Lachnolaimus maximus,158822,Lachnolaimus maximus,LCX
170916,Arctoscopus japonicus,Animalia,Chordata,Actinopterygii,Perciformes,Trichodontidae,Arctoscopus,japonicus,NA,Sailfin sandfish,Japanese sandfish,NA,NA,Other Marine,other marine fish,Arctoscopus japonicus,279686,Arctoscopus japonicus,JAS
171064,Kathetostoma giganteum,Animalia,Chordata,Actinopterygii,Perciformes,Uranoscopidae,Kathetostoma,giganteum,,Giant stargazer,NA,NA,NA,Other Marine,other marine fish,Kathetostoma giganteum,275992,Kathetostoma giganteum,STZ
171341,Anarhichas lupus,Animalia,Chordata,Actinopterygii,Perciformes,Anarhichadidae,Anarhichas,lupus,NA,Atlantic wolffish,NA,NA,NA,Other Marine,other marine fish,Anarhichas lupus,126758,Anarhichas lupus,CAA
171671,Ammodytes spp,Animalia,Chordata,Actinopterygii,Perciformes,Ammodytidae,Ammodytes,NA,NA,Sand eel,Sand lance,NA,NA,Forage Fish,forage fish,Ammodytes,125909,Ammodytes spp,SAN
171672,Ammodytes hexapterus,Animalia,Chordata,Actinopterygii,Perciformes,Ammodytidae,Ammodytes,hexapterus,NA,Pacific sand lance,NA,NA,NA,Forage Fish,forage fish,Ammodytes hexapterus,254510,Ammodytes personatus,PAS
171677,Ammodytes marinus,Animalia,Chordata,Actinopterygii,Perciformes,Ammodytidae,Ammodytes,marinus,SEEL,Sand eel,Sand lance,NA,NA,Forage Fish,forage fish,Ammodytes marinus,126751,Ammodytes marinus,QLH
172294,Naso hexacanthus,Animalia,Chordata,Actinopterygii,Perciformes,Acanthuridae,Naso,hexacanthus,NA,Sleek unicornfish,NA,NA,NA,Other Marine,other marine percoidids,Naso hexacanthus,219667,Naso hexacanthus,SUR
172385,Trichiurus lepturus,Animalia,Chordata,Actinopterygii,Perciformes,Trichiuridae,Trichiurus,lepturus,NA,Largehead hairtail,NA,NA,NA,Other Marine,other marine fish,Trichiurus lepturus,127089,Trichiurus lepturus,LHT
172389,Aphanopus carbo,Animalia,Chordata,Actinopterygii,Perciformes,Trichiuridae,Aphanopus,carbo,NA,Black scabbardfish,NA,NA,NA,Other Marine,other marine fish,Aphanopus carbo,127085,Aphanopus carbo,BSF
172401,Katsuwonus pelamis,Animalia,Chordata,Actinopterygii,Perciformes,Scombridae,Katsuwonus,pelamis,SKJ,Skipjack tuna,NA,NA,NA,Tuna and Marlin,tuna-billfish,Katsuwonus pelamis,127018,Katsuwonus pelamis,SKJ
172412,Scomber japonicus,Animalia,Chordata,Actinopterygii,Perciformes,Scombridae,Scomber,japonicus,CMACK,Chub mackerel,Pacific chub mackerel,NA,NA,Forage Fish,carangids-mackerels,Scomber japonicus,127022,Scomber japonicus,MAS
172413,Scomber colias,Animalia,Chordata,Actinopterygii,Perciformes,Scombridae,Scomber,colias,NA,Atlantic chub mackerel,Argentine chub mackerel,NA,NA,Forage Fish,carangids-mackerels,Scomber colias,151174,Scomber colias,VMA
172414,Scomber scombrus,Animalia,Chordata,Actinopterygii,Perciformes,Scombridae,Scomber,scombrus,MACK,Mackerel,Atlantic mackerel,NA,NA,Forage Fish,carangids-mackerels,Scomber scombrus,127023,Scomber scombrus,MAC
172415,Scomber australasicus,Animalia,Chordata,Actinopterygii,Perciformes,Scombridae,Scomber,australasicus,,Blue mackerel,Spotted mackerel,NA,NA,Forage Fish,carangids-mackerels,Scomber australasicus,219715,Scomber australasicus,MAA
172419,Thunnus alalunga,Animalia,Chordata,Actinopterygii,Perciformes,Scombridae,Thunnus,alalunga,ALBA,Albacore tuna,NA,NA,NA,Tuna and Marlin,tuna-billfish,Thunnus alalunga,127026,Thunnus alalunga,ALB
172421,Thunnus thynnus,Animalia,Chordata,Actinopterygii,Perciformes,Scombridae,Thunnus,thynnus,ATBTUNA,Atlantic bluefin tuna,Northern bluefin tuna,NA,NA,Tuna and Marlin,tuna-billfish,Thunnus thynnus,127029,Thunnus thynnus,BFT
172422,Thunnus orientalis,Animalia,Chordata,Actinopterygii,Perciformes,Scombridae,Thunnus,orientalis,,Pacific bluefin tuna,NA,NA,NA,Tuna and Marlin,tuna-billfish,Thunnus orientalis,273823,Thunnus orientalis,PBF
172423,Thunnus albacares,Animalia,Chordata,Actinopterygii,Perciformes,Scombridae,Thunnus,albacares,YFIN,Yellowfin tuna,NA,NA,NA,Tuna and Marlin,tuna-billfish,Thunnus albacares,127027,Thunnus albacares,YFT
172428,Thunnus obesus,Animalia,Chordata,Actinopterygii,Perciformes,Scombridae,Thunnus,obesus,BIGEYE,Bigeye tuna,NA,NA,NA,Tuna and Marlin,tuna-billfish,Thunnus obesus,127028,Thunnus obesus,BET
172431,Thunnus maccoyii,Animalia,Chordata,Actinopterygii,Perciformes,Scombridae,Thunnus,maccoyii,SBTUNA,Southern bluefin tuna,NA,NA,NA,Tuna and Marlin,tuna-billfish,Thunnus maccoyii,219720,Thunnus maccoyii,SBF
172435,Scomberomorus cavalla,Animalia,Chordata,Actinopterygii,Perciformes,Scombridae,Scomberomorus,cavalla,KMACK,King mackerel,NA,NA,NA,Tuna and Marlin,carangids-mackerels,Scomberomorus cavalla,159340,Scomberomorus cavalla,KGM
172436,Scomberomorus maculatus,Animalia,Chordata,Actinopterygii,Perciformes,Scombridae,Scomberomorus,maculatus,SPANMACK,Spanish mackerel,NA,NA,NA,Tuna and Marlin,carangids-mackerels,Scomberomorus maculatus,159342,Scomberomorus maculatus,SSM
172446,Scomberomorus niphonius,Animalia,Chordata,Actinopterygii,Perciformes,Scombridae,Scomberomorus,niphonius,,Japanese Spanish mackerel,NA,NA,NA,Tuna and Marlin,carangids-mackerels,Scomberomorus niphonius,273817,Scomberomorus niphonius,NPH
172482,Xiphias gladius,Animalia,Chordata,Actinopterygii,Perciformes,Xiphiidae,Xiphias,gladius,SWORD,Swordfish,NA,NA,NA,Tuna and Marlin,tuna-billfish,Xiphias gladius,127094,Xiphias gladius,SWO
172488,Istiophorus platypterus,Animalia,Chordata,Actinopterygii,Perciformes,Istiophoridae,Istiophorus,platypterus,,Indo-Pacific sailfish,NA,NA,NA,Tuna and Marlin,tuna-billfish,Istiophorus platypterus,158812,Istiophorus platypterus,SFA
172491,Makaira nigricans,Animalia,Chordata,Actinopterygii,Perciformes,Istiophoridae,Makaira,nigricans,,Blue marlin,NA,NA,NA,Tuna and Marlin,tuna-billfish,Makaira nigricans,126950,Makaira nigricans,BUM
172497,Makaira mazara,Animalia,Chordata,Actinopterygii,Perciformes,Istiophoridae,Makaira,mazara,NA,Indo Pacific blue marlin,NA,NA,NA,Tuna and Marlin,tuna-billfish,Makaira mazara,219729,Makaira nigricans,BUM
172499,Tetrapturus albidus,Animalia,Chordata,Actinopterygii,Perciformes,Istiophoridae,Tetrapturus,albidus,,White marlin,NA,NA,NA,Tuna and Marlin,tuna-billfish,Kajikia albida,712906,Tetrapturus albidus,WHM
172514,Hyperoglyphe antarctica,Animalia,Chordata,Actinopterygii,Perciformes,Centrolophidae,Hyperoglyphe,antarctica,,Bluenose,NA,NA,NA,Other Marine,other marine fish,Hyperoglyphe antarctica,219737,Hyperoglyphe antarctica,BWA
172531,Seriolella brama,Animalia,Chordata,Actinopterygii,Perciformes,Centrolophidae,Seriolella,brama,WAREHOU,Whario,Blue warehou,NA,NA,Other Marine,other marine fish,Seriolella brama,282755,Seriolella brama,SEM
172534,Seriolella punctata,Animalia,Chordata,Actinopterygii,Perciformes,Centrolophidae,Seriolella,punctata,SILVERFISH,Silverfish,NA,NA,NA,Other Marine,other marine fish,Seriolella punctata,282758,Seriolella punctata,SEP
172567,Peprilus triacanthus,Animalia,Chordata,Actinopterygii,Perciformes,Stromateidae,Peprilus,triacanthus,BUTTER,Atlantic butterfish,Butterfish,NA,NA,Other Marine,other marine fish,Peprilus triacanthus,159828,Peprilus triacanthus,BUT
172735,Paralichthys dentatus,Animalia,Chordata,Actinopterygii,Pleuronectiformes,Paralichthyidae,Paralichthys,dentatus,SFLOUN,Summer flounder,NA,NA,NA,Flatfish,pleuronectids,Paralichthys dentatus,158826,Paralichthys dentatus,FLS
172744,Paralichthys olivaceus,Animalia,Chordata,Actinopterygii,Pleuronectiformes,Paralichthyidae,Paralichthys,olivaceus,,Olive flounder,Japanese flounder,NA,NA,Flatfish,pleuronectids,Paralichthys olivaceus,275816,Paralichthys olivaceus,BAH
172746,Scophthalmus aquosus,Animalia,Chordata,Actinopterygii,Pleuronectiformes,Scophthalmidae,Scophthalmus,aquosus,WINDOW,Windowpane,Windowpane flounder,NA,NA,Flatfish,pleuronectids,Scophthalmus aquosus,158907,Scophthalmus aquosus,FLD
172748,Scophthalmus maximus,Animalia,Chordata,Actinopterygii,Pleuronectiformes,Scophthalmidae,Scophthalmus,maximus,NA,Turbot,NA,NA,NA,Flatfish,pleuronectids,Scophthalmus maximus,127149,Psetta maxima,TUR
172749,Scophthalmus rhombus,Animalia,Chordata,Actinopterygii,Pleuronectiformes,Scophthalmidae,Scophthalmus,rhombus,NA,Brill,NA,NA,NA,Flatfish,pleuronectids,Scophthalmus rhombus,127150,Scophthalmus rhombus,BLL
172833,Lepidorhombus spp,Animalia,Chordata,Actinopterygii,Pleuronectiformes,Scophthalmidae,Lepidorhombus,NA,NA,Megrim spp,NA,NA,NA,Flatfish,pleuronectids,Lepidorhombus,126122,Lepidorhombus spp,LEZ
172834,Lepidorhombus boscii,Animalia,Chordata,Actinopterygii,Pleuronectiformes,Scophthalmidae,Lepidorhombus,boscii,FMEG,Fourspotted megrim,NA,NA,NA,Flatfish,pleuronectids,Lepidorhombus boscii,127145,Lepidorhombus boscii,LDB
172835,Lepidorhombus whiffiagonis,Animalia,Chordata,Actinopterygii,Pleuronectiformes,Scophthalmidae,Lepidorhombus,whiffiagonis,MEG,Megrim,NA,NA,NA,Flatfish,pleuronectids,Lepidorhombus whiffiagonis,127146,Lepidorhombus whiffiagonis,MEG
172861,Atheresthes evermanni,Animalia,Chordata,Actinopterygii,Pleuronectiformes,Pleuronectidae,Atheresthes,evermanni,NA,Kamchatka flounder,NA,NA,NA,Flatfish,pleuronectids,Atheresthes evermanni,279791,Atheresthes evermanni,KAF
172864,Clidoderma asperrimum,Animalia,Chordata,Actinopterygii,Pleuronectiformes,Pleuronectidae,Clidoderma,asperrimum,NA,Roughscale sole,NA,NA,NA,Flatfish,pleuronectids,Clidoderma asperrimum,280216,Clidoderma asperrimum,CDJ
172868,Eopsetta jordani,Animalia,Chordata,Actinopterygii,Pleuronectiformes,Pleuronectidae,Eopsetta,jordani,PSOLE,Petrale sole,NA,NA,NA,Flatfish,pleuronectids,Eopsetta jordani,280690,Eopsetta jordani,EOJ
172869,Eopsetta grigorjewi,Animalia,Chordata,Actinopterygii,Pleuronectiformes,Pleuronectidae,Eopsetta,grigorjewi,NA,Round nose flounder,Shotted halibut,NA,NA,Flatfish,pleuronectids,Eopsetta grigorjewi,280689,Eopsetta grigorjewi,EPW
172873,Glyptocephalus cynoglossus,Animalia,Chordata,Actinopterygii,Pleuronectiformes,Pleuronectidae,Glyptocephalus,cynoglossus,WITFLOUN,Witch flounder,NA,NA,NA,Flatfish,pleuronectids,Glyptocephalus cynoglossus,127136,Glyptocephalus cynoglossus,WIT
172875,Hippoglossoides elassodon,Animalia,Chordata,Actinopterygii,Pleuronectiformes,Pleuronectidae,Hippoglossoides,elassodon,FLSOLE,Flathead sole,NA,NA,NA,Flatfish,pleuronectids,Hippoglossoides elassodon,274289,Hippoglossoides elassodon,FTS
172877,Hippoglossoides platessoides,Animalia,Chordata,Actinopterygii,Pleuronectiformes,Pleuronectidae,Hippoglossoides,platessoides,AMPL,American plaice,NA,NA,NA,Flatfish,pleuronectids,Hippoglossoides platessoides,127137,Hippoglossoides platessoides,PLA
172881,Limanda limanda,Animalia,Chordata,Actinopterygii,Pleuronectiformes,Pleuronectidae,Limanda,limanda,NA,Dab,NA,NA,NA,Flatfish,pleuronectids,Limanda limanda,127139,Limanda limanda,DAB
172887,Microstomus pacificus,Animalia,Chordata,Actinopterygii,Pleuronectiformes,Pleuronectidae,Microstomus,pacificus,DSOLE,Dover sole,NA,NA,NA,Flatfish,pleuronectids,Microstomus pacificus,274294,Microstomus pacificus,MIP
172888,Microstomus kitt,Animalia,Chordata,Actinopterygii,Pleuronectiformes,Pleuronectidae,Microstomus,kitt,NA,Lemon sole,NA,NA,NA,Flatfish,pleuronectids,Microstomus kitt,127140,Microstomus kitt,LEM
172893,Platichthys stellatus,Animalia,Chordata,Actinopterygii,Pleuronectiformes,Pleuronectidae,Platichthys,stellatus,STFLOUN,Starry flounder,NA,NA,NA,Flatfish,pleuronectids,Platichthys stellatus,154781,Platichthys stellatus,PWQ
172894,Platichthys flesus,Animalia,Chordata,Actinopterygii,Pleuronectiformes,Pleuronectidae,Platichthys,flesus,NA,European flounder,NA,NA,NA,Flatfish,pleuronectids,Platichthys flesus,127141,Platichthys flesus,FLE
172901,Pleuronectes quadrituberculatus,Animalia,Chordata,Actinopterygii,Pleuronectiformes,Pleuronectidae,Pleuronectes,quadrituberculatus,ALPLAIC,Alaska plaice,NA,NA,NA,Flatfish,pleuronectids,Pleuronectes quadrituberculatus,254564,Pleuronectes quadrituberculat.,ALP
172902,Pleuronectes platessa,Animalia,Chordata,Actinopterygii,Pleuronectiformes,Pleuronectidae,Pleuronectes,platessa,PLAIC,European plaice,Plaice,NA,NA,Flatfish,pleuronectids,Pleuronectes platessa,127143,Pleuronectes platessa,PLE
172905,Pseudopleuronectes americanus,Animalia,Chordata,Actinopterygii,Pleuronectiformes,Pleuronectidae,Pseudopleuronectes,americanus,WINFLOUN,Winter flounder,NA,NA,NA,Flatfish,pleuronectids,Pseudopleuronectes americanus,158885,Pseudopleuronectes americanus,FLW
172907,Limanda aspera,Animalia,Chordata,Actinopterygii,Pleuronectiformes,Pleuronectidae,Limanda,aspera,YSOLE,Yellowfin sole,NA,NA,NA,Flatfish,pleuronectids,Limanda aspera,254562,Limanda aspera,YES
172909,Limanda ferruginea,Animalia,Chordata,Actinopterygii,Pleuronectiformes,Pleuronectidae,Limanda,ferruginea,YELL,Yellowtail flounder,NA,NA,NA,Flatfish,pleuronectids,Limanda ferruginea,158879,Limanda ferruginea,YEL
172917,Lepidopsetta bilineata,Animalia,Chordata,Actinopterygii,Pleuronectiformes,Pleuronectidae,Lepidopsetta,bilineata,RSOLE,Rock sole,NA,NA,NA,Flatfish,pleuronectids,Lepidopsetta bilineata,281305,Lepidopsetta bilineata,ROS
172921,Parophrys vetulus,Animalia,Chordata,Actinopterygii,Pleuronectiformes,Pleuronectidae,Parophrys,vetulus,ESOLE,English sole,NA,NA,NA,Flatfish,pleuronectids,Parophrys vetulus,254393,Pleuronectes vetulus,RFE
172930,Reinhardtius hippoglossoides,Animalia,Chordata,Actinopterygii,Pleuronectiformes,Pleuronectidae,Reinhardtius,hippoglossoides,GHAL,Greenland halibut,Greenland turbot,NA,NA,Flatfish,pleuronectids,Reinhardtius hippoglossoides,127144,Reinhardtius hippoglossoides,GHL
172932,Hippoglossus stenolepis,Animalia,Chordata,Actinopterygii,Pleuronectiformes,Pleuronectidae,Hippoglossus,stenolepis,PHAL,Pacific halibut,NA,NA,NA,Flatfish,pleuronectids,Hippoglossus stenolepis,274290,Hippoglossus stenolepis,HAP
172933,Hippoglossus hippoglossus,Animalia,Chordata,Actinopterygii,Pleuronectiformes,Pleuronectidae,Hippoglossus,hippoglossus,ATHAL,Atlantic halibut,NA,NA,NA,Flatfish,pleuronectids,Hippoglossus hippoglossus,127138,Hippoglossus hippoglossus,HAL
172966,Cleisthenes herzensteini,Animalia,Chordata,Actinopterygii,Pleuronectiformes,Pleuronectidae,Cleisthenes,herzensteini,NA,Pointhead flounder,NA,NA,NA,Flatfish,pleuronectids,Cleisthenes herzensteini,280210,Cleisthenes herzensteini,HZJ
172978,Glyptocephalus zachirus,Animalia,Chordata,Actinopterygii,Pleuronectiformes,Pleuronectidae,Glyptocephalus,zachirus,REXSOLE,Rex sole,NA,NA,NA,Flatfish,pleuronectids,Glyptocephalus zachirus,274287,Glyptocephalus zachirus,GLZ
173001,Solea vulgaris,Animalia,Chordata,Actinopterygii,Pleuronectiformes,Soleidae,Solea,vulgaris,SOLE,common European sole,Common sole,NA,NA,Flatfish,pleuronectids,Solea solea,127160,Solea solea,SOL
173002,Solea solea,Animalia,Chordata,Actinopterygii,Pleuronectiformes,Soleidae,Solea,solea,NA,Common sole,NA,NA,NA,Flatfish,pleuronectids,Solea solea,127160,Solea solea,SOL
173040,Austroglossus pectoralis,Animalia,Chordata,Actinopterygii,Pleuronectiformes,Soleidae,Austroglossus,pectoralis,NA,East coast sole,Mud sole,NA,NA,Flatfish,pleuronectids,Austroglossus pectoralis,219821,Austroglossus pectoralis,SOE
173138,Balistes capriscus,Animalia,Chordata,Actinopterygii,Tetraodontiformes,Balistidae,Balistes,capriscus,GTRIG,Gray triggerfish,NA,NA,NA,Other Marine,other marine fish,Balistes capriscus,154721,Balistes carolinensis,TRG
550662,Macruronus magellanicus,Animalia,Chordata,Actinopterygii,Gadiformes,Merlucciidae,Macruronus,magellanicus,PATGRENADIER,Patagonian grenadier,Merluza de cola,NA,NA,Gadids,gadids,Macruronus magellanicus,272449,Macruronus magellanicus,GRM
550664,Merluccius polli,Animalia,Chordata,Actinopterygii,Gadiformes,Merlucciidae,Merluccius,polli,NA,Benguela hake,NA,NA,NA,Gadids,gadids,Merluccius polli,272457,Merluccius polli,HKB
550672,Laemonema longipes,Animalia,Chordata,Actinopterygii,Gadiformes,Moridae,Laemonema,longipes,NA,Longfin codling,NA,NA,NA,Gadids,gadids,Laemonema longipes,272474,Laemonema longipes,LMG
550679,Salilota australis,Animalia,Chordata,Actinopterygii,Gadiformes,Moridae,Salilota,australis,NA,Patagonian cod,Tadpole codling,NA,NA,Gadids,gadids,Salilota australis,282654,Salilota australis,SAO
550883,Rexea solandri,Animalia,Chordata,Actinopterygii,Perciformes,Gempylidae,Rexea,solandri,GEMFISH,Common gemfish,Hake,NA,NA,Other Marine,other marine fish,Rexea solandri,276890,Rexea solandri,GEM
550888,Istiophorus albicans,Animalia,Chordata,Actinopterygii,Perciformes,Istiophoridae,Istiophorus,albicans,,Sailfish,NA,NA,NA,Tuna and Marlin,tuna-billfish,Istiophorus albicans,126949,Istiophorus albicans,SAI
551036,Epinephelus aeneus,Animalia,Chordata,Actinopterygii,Perciformes,Serranidae,Epinephelus,aeneus,NA,White grouper,NA,NA,NA,Other Marine,other marine percoidids,Epinephelus aeneus,127032,Epinephelus aeneus,GPW
551209,Clupea pallasii,Animalia,Chordata,Actinopterygii,Clupeiformes,Clupeidae,Clupea,pallasii,PHERR,Pacific herring,NA,NA,NA,Forage Fish,forage fish,Clupea pallasii,151159,Clupea pallasii,HEP
551220,Clupeonella engrauliformis,Animalia,Chordata,Actinopterygii,Clupeiformes,Clupeidae,Clupeonella,engrauliformis,ANCHOVYKILKA,Anchovy kilka,Anchovy sprat,NA,NA,Forage Fish,forage fish,Clupeonella engrauliformis,272258,Clupeonella engrauliformis,CLE
551222,Sardinops melanostictus,Animalia,Chordata,Actinopterygii,Clupeiformes,Clupeidae,Sardinops,melanostictus,,Japanese pilchard,Japanese sardine,NA,NA,Forage Fish,forage fish,Sardinops sagax,217452,Sardinops melanostictus,JAP
551247,Strangomera bentincki,Animalia,Chordata,Actinopterygii,Clupeiformes,Clupeidae,Strangomera,bentincki,NA,Araucanian herring,Chilean sardine,NA,NA,Forage Fish,forage fish,Clupea bentincki,300368,Strangomera bentincki,CKI
551295,Ethmalosa fimbriata,Animalia,Chordata,Actinopterygii,Clupeiformes,Clupeidae,Ethmalosa,fimbriata,NA,Bonga,NA,NA,NA,Forage Fish,forage fish,Ethmalosa fimbriata,280725,Ethmalosa fimbriata,BOA
551338,Engraulis anchoita,Animalia,Chordata,Actinopterygii,Clupeiformes,Engraulidae,Engraulis,anchoita,ARGANCHO,Argentine anchoita,Anchoita,NA,NA,Forage Fish,forage fish,Engraulis anchoita,272284,Engraulis anchoita,ANA
551340,Engraulis ringens,Animalia,Chordata,Actinopterygii,Clupeiformes,Engraulidae,Engraulis,ringens,PEANCHO,Peruvian anchoveta,Anchoveta,NA,NA,Forage Fish,forage fish,Engraulis ringens,272287,Engraulis ringens,VET
551570,Farfantepenaeus aztecus,Animalia,Arthropoda,Malacostraca,Decapoda,Penaeidae,Farfantepenaeus,aztecus,BRNSHRIMP,Brown shrimp,NA,NA,NA,Invertebrate,shrimps,Penaeus aztecus,395176,Penaeus aztecus,ABS
551574,Farfantepenaeus duorarum,Animalia,Arthropoda,Malacostraca,Decapoda,Penaeidae,Farfantepenaeus,duorarum,PINKSHRIMP,Pink shrimp,Northern pink shrimp,NA,NA,Invertebrate,shrimps,Penaeus duorarum,246391,Penaeus duorarum,APS
551575,Farfantepenaeus notialis,Animalia,Arthropoda,Malacostraca,Decapoda,Penaeidae,Farfantepenaeus,notialis,NA,Southern pink shrimp,NA,NA,NA,Invertebrate,shrimps,Penaeus notialis,246184,Penaeus notialis,SOP
551680,Litopenaeus setiferus,Animalia,Arthropoda,Malacostraca,Decapoda,Penaeidae,Litopenaeus,setiferus,,White shrimp,NA,NA,NA,Invertebrate,shrimps,Penaeus setiferus,762818,Penaeus setiferus,PST
552935,Metanephrops challengeri,Animalia,Arthropoda,Malacostraca,Decapoda,Nephropidae,Metanephrops,challengeri,,Scampi,NA,NA,NA,Invertebrate,crabs-lobsters,Metanephrops challengeri,382850,Metanephrops challengeri,MEC
552953,Jasus lalandii,Animalia,Arthropoda,Malacostraca,Decapoda,Palinuridae,Jasus,lalandii,CRLOBSTER,West coast rock lobster,Cape rock lobster,NA,NA,Invertebrate,crabs-lobsters,Jasus lalandii,246322,Jasus lalandii,LBC
552965,Palinurus gilchristi,Animalia,Arthropoda,Malacostraca,Decapoda,Palinuridae,Palinurus,gilchristi,SSLOBSTER,Southern spiny lobster,NA,NA,NA,Invertebrate,crabs-lobsters,Palinurus gilchristi,210074,Palinurus gilchristi,SLS
556653,Loligo bleekeri,Animalia,Mollusca,Cephalopoda,Myopsida,Loliginidae,Loligo,bleekeri,NA,Spear squid,NA,NA,NA,Invertebrate,cephalopods,Heterololigo bleekeri,574562,Loligo bleekeri,OGK
556657,Uroteuthis edulis,Animalia,Mollusca,Cephalopoda,Myopsida,Loliginidae,Uroteuthis,edulis,NA,Swordtip squid,NA,NA,NA,Invertebrate,cephalopods,Uroteuthis (Photololigo) edulis,574518,Loligo edulis,OJE
557227,Enteroctopus dofleini,Animalia,Mollusca,Cephalopoda,Octopoda,Enteroctopodidae,Enteroctopus,dofleini,NA,Giant Pacific octopus,NA,NA,NA,Invertebrate,cephalopods,Enteroctopus dofleini,342305,Octopus dofleini,OQF
557230,Todarodes pacificus,Animalia,Mollusca,Cephalopoda,Oegopsida,Ommastrephidae,Todarodes,pacificus,NA,Japanese common squid,Japanese flying squid,NA,NA,Invertebrate,cephalopods,Todarodes pacificus,342067,Todarodes pacificus,SQJ
557249,Loligo reynaudii,Animalia,Mollusca,Cephalopoda,Myopsida,Loliginidae,Loligo,reynaudii,,Cape Hope squid,Chokka squid,NA,NA,Invertebrate,cephalopods,Loligo reynaudii,220316,Loligo reynaudii,CHO
564126,Dipturus batis,Animalia,Chordata,Elasmobranchii,Rajiformes,Rajidae,Dipturus,batis,NA,Common skate,Blue skate,NA,NA,Sharks Rays and Skates,elasmobranchs,Dipturus batis,105869,Raja batis,RJB
564128,Leucoraja circularis,Animalia,Chordata,Chondrichthyes,Rajiformes,Rajidae,Leucoraja,circularis,NA,Sandy ray,NA,NA,NA,Sharks Rays and Skates,elasmobranchs,Leucoraja circularis,105873,Raja circularis,RJI
564130,Leucoraja erinacea,Animalia,Chordata,Elasmobranchii,Rajiformes,Rajidae,Leucoraja,erinacea,LSKAT,Little skate,NA,NA,NA,Sharks Rays and Skates,elasmobranchs,Leucoraja erinacea,158551,Raja erinacea,RJD
564134,Leucoraja fullonica,Animalia,Chordata,Chondrichthyes,Rajiformes,Rajidae,Leucoraja,fullonica,NA,Shagreen ray,NA,NA,NA,Sharks Rays and Skates,elasmobranchs,Leucoraja fullonica,105874,Raja fullonica,RJF
564136,Leucoraja garmani,Animalia,Chordata,Elasmobranchii,Rajiformes,Rajidae,Leucoraja,garmani,RSKAT,Rosette skate,Freckled skate,NA,NA,Sharks Rays and Skates,elasmobranchs,Leucoraja garmani,158552,Raja garmani,JFG
564139,Dipturus laevis,Animalia,Chordata,Elasmobranchii,Rajiformes,Rajidae,Dipturus,laevis,BSKAT,Barndoor skate,NA,NA,NA,Sharks Rays and Skates,elasmobranchs,Dipturus laevis,158548,Raja laevis,RJL
564143,Leucoraja naevus,Animalia,Chordata,Chondrichthyes,Rajiformes,Rajidae,Leucoraja,naevus,NA,Cuckoo ray,NA,NA,NA,Sharks Rays and Skates,elasmobranchs,Leucoraja naevus,105876,Raja naevus,RJN
564145,Leucoraja ocellata,Animalia,Chordata,Elasmobranchii,Rajiformes,Rajidae,Leucoraja,ocellata,WSKAT,Winter skate,NA,NA,NA,Sharks Rays and Skates,elasmobranchs,Leucoraja ocellata,158553,Raja ocellata,RJT
564149,Amblyraja radiata,Animalia,Chordata,Elasmobranchii,Rajiformes,Rajidae,Amblyraja,radiata,THSKAT,Thorny skate,Starry ray,NA,NA,Sharks Rays and Skates,elasmobranchs,Amblyraja radiata,105865,Raja radiata,RJR
564151,Malacoraja senta,Animalia,Chordata,Elasmobranchii,Rajiformes,Rajidae,Malacoraja,senta,SSKAT,Smooth skate,NA,NA,NA,Sharks Rays and Skates,elasmobranchs,Malacoraja senta,158554,Malacoraja senta,RJS
615818,Clupea bentincki,Animalia,Chordata,Actinopterygii,Clupeiformes,Clupeidae,Clupea,bentincki,NA,Chilean herring,NA,NA,NA,Forage Fish,forage fish,Clupea bentincki,300368,Strangomera bentincki,CKI
616029,Atheresthes stomias,Animalia,Chordata,Actinopterygii,Pleuronectiformes,Pleuronectidae,Atheresthes,stomias,ARFLOUND,Arrowtooth flounder,NA,NA,NA,Flatfish,pleuronectids,Atheresthes stomias,279792,Atheresthes stomias,ARF
616041,Hippoglossoides dubius,Animalia,Chordata,Actinopterygii,Pleuronectiformes,Pleuronectidae,Hippoglossoides,dubius,NA,Flathead flounder,NA,NA,NA,Flatfish,pleuronectids,Hippoglossoides dubius,274288,Hippoglossoides dubius,HGD
616071,Pseudopleuronectes herzensteini,Animalia,Chordata,Actinopterygii,Pleuronectiformes,Pleuronectidae,Pseudopleuronectes,herzensteini,NA,Yellow striped flounder,Littlemouth flounder,NA,NA,Flatfish,pleuronectids,Pseudopleuronectes herzensteini,275357,Pseudopleuronectes herzenst.,YFL
616195,Psetta maxima,Animalia,Chordata,Actinopterygii,Pleuronectiformes,Scophthalmidae,Psetta,maxima,NA,Turbot,NA,NA,NA,Flatfish,pleuronectids,Scophthalmus maximus,127149,Psetta maxima,TUR
616392,Lepidopsetta polyxystra,Animalia,Chordata,Actinopterygii,Pleuronectiformes,Pleuronectidae,Lepidopsetta,polyxystra,NRSOLE,Northern rock sole,NA,NA,NA,Flatfish,pleuronectids,Lepidopsetta polyxystra,281307,Lepidopsetta polyxystra,KZC
620976,Mulloides vanicolensis,Animalia,Chordata,Actinopterygii,Perciformes,Mullidae,Mulloides,vanicolensis,NA,Yellowfin goatfish,NA,NA,NA,Other Marine,other marine percoidids,Mulloides vanicolensis,218643,Mulloidichthys vanicolensis,YJG
620992,Chaceon quinquedens,Animalia,Arthropoda,Malacostraca,Decapoda,Geryonidae,Chaceon,quinquedens,RDEEPCRAB,Red deepsea crab,NA,NA,NA,Invertebrate,crabs-lobsters,Chaceon quinquedens,158407,Chaceon quinquedens,CRR
621110,Pandalus eous,Animalia,Arthropoda,Malacostraca,Decapoda,Pandalidae,Pandalus,eous,NA,Alaskan pink shrimp,NA,NA,NA,Invertebrate,shrimps,Pandalus eous,515463,Pandalus borealis,PRA
622131,Centroberyx affinis,Animalia,Chordata,Actinopterygii,Beryciformes,Berycidae,Centroberyx,affinis,NA,Redfish,NA,NA,NA,Other Marine,other marine fish,Centroberyx affinis,276891,Centroberyx affinis,CXF
622143,Centroberyx gerrardi,Animalia,Chordata,Actinopterygii,Beryciformes,Berycidae,Centroberyx,gerrardi,BIGHTRED,Bight redfish,NA,NA,NA,Other Marine,other marine fish,Centroberyx gerrardi,276894,Centroberyx gerrardi,CXZ
623193,Macruronus novaezelandiae,Animalia,Chordata,Actinopterygii,Gadiformes,Merlucciidae,Macruronus,novaezelandiae,HOKI,Hoki,New Zealand whiptail,Blue grenadier,NA,Gadids,gadids,Macruronus novaezelandiae,272450,Macruronus novaezelandiae,GRN
623381,Glossanodon semifasciatus,Animalia,Chordata,Actinopterygii,Osmeriformes,Argentinidae,Glossanodon,semifasciatus,NA,Deep sea smelt,NA,NA,NA,Forage Fish,forage fish,Glossanodon semifasciatus,272908,Glossanodon semifasciatus,DES
625280,Pseudocyttus maculatus,Animalia,Chordata,Actinopterygii,Zeiformes,Oreosomatidae,Pseudocyttus,maculatus,SMOOTHOREO,Smooth oreo,NA,NA,NA,Other Marine,other marine fish,Pseudocyttus maculatus,127424,Pseudocyttus maculatus,SSO
625296,Allocyttus niger,Animalia,Chordata,Actinopterygii,Zeiformes,Oreosomatidae,Allocyttus,niger,BLACKOREO,Black oreo,NA,NA,NA,Other Marine,other marine fish,Allocyttus niger,234810,Allocyttus niger,BOE
630199,Plectorhinchus mediterraneus,Animalia,Chordata,Actinopterygii,Perciformes,Haemulidae,Plectorhinchus,mediterraneus,NA,Rubberlip grunt,NA,NA,NA,Other Marine,other marine percoidids,Plectorhinchus mediterraneus,126946,Plectorhinchus mediterraneus,GBR
630414,Ammodytes personatus,Animalia,Chordata,Actinopterygii,Perciformes,Ammodytidae,Ammodytes,personatus,NA,Pacific sandlance,NA,NA,NA,Forage Fish,forage fish,Ammodytes personatus,272967,Ammodytes personatus,PAS
630979,Zoarces americanus,Animalia,Chordata,Actinopterygii,Perciformes,Zoarcidae,Zoarces,americanus,OPOUT,Ocean pout,NA,NA,NA,Other Marine,other marine fish,Zoarces americanus,159267,Macrozoarces americanus,OPT
635926,Conger myriaster,Animalia,Chordata,Actinopterygii,Anguilliformes,Congridae,Conger,myriaster,NA,Whitespotted conger,NA,NA,NA,Other Marine,eels,Conger myriaster,271745,Conger myriaster,ELS
641982,Caranx rhonchus,Animalia,Chordata,Actinopterygii,Perciformes,Carangidae,Caranx,rhonchus,NA,False scad,NA,NA,NA,Forage Fish,carangids-mackerels,Caranx rhonchus,126806,Caranx rhonchus,HMY
642012,Trachurus japonicus,Animalia,Chordata,Actinopterygii,Perciformes,Carangidae,Trachurus,japonicus,,Japanese jack mackerel,NA,NA,NA,Forage Fish,carangids-mackerels,Trachurus japonicus,273302,Trachurus japonicus,JJM
642807,Dissostichus eleginoides,Animalia,Chordata,Actinopterygii,Perciformes,Nototheniidae,Dissostichus,eleginoides,PTOOTHFISH,Patagonian toothfish,NA,NA,NA,Other Marine,other marine fish,Dissostichus eleginoides,234700,Dissostichus eleginoides,TOP
642808,Dissostichus mawsoni,Animalia,Chordata,Actinopterygii,Perciformes,Nototheniidae,Dissostichus,mawsoni,ATOOTHFISH,Antarctic toothfish,NA,NA,NA,Other Marine,other marine fish,Dissostichus mawsoni,234836,Dissostichus mawsoni,TOA
643076,Paracaesio caerulea,Animalia,Chordata,Actinopterygii,Perciformes,Lutjanidae,Paracaesio,caerulea,NA,Japanese snapper,NA,NA,NA,Other Marine,other marine percoidids,Paracaesio caerulea,278684,Paracaesio caerulea,LRC
644187,Neoplatycephalus richardsoni,Animalia,Chordata,Actinopterygii,Scorpaeniformes,Platycephalidae,Neoplatycephalus,richardsoni,TIGERFLAT,Tiger flathead,NA,NA,NA,Other Marine,other scorpaenids,Platycephalus richardsoni,274663,Platycephalus richardsoni,PHI
644351,Platycephalus conatus,Animalia,Chordata,Actinopterygii,Scorpaeniformes,Platycephalidae,Platycephalus,conatus,DEEPFLATHEAD,Deepwater flathead,NA,NA,NA,Other Marine,other scorpaenids,Platycephalus conatus,274655,Platycephalus conatus,FTL
644357,Pleurogrammus azonus,Animalia,Chordata,Actinopterygii,Scorpaeniformes,Hexagrammidae,Pleurogrammus,azonus,NA,Okhotsk atka mackerel,Arabesque greenling,NA,NA,Other Marine,other scorpaenids,Pleurogrammus azonus,282288,Pleurogrammus azonus,ATK
644604,Sebastes variabilis,Animalia,Chordata,Actinopterygii,Scorpaeniformes,Sebastidae,Sebastes,variabilis,DUSROCK,Dusky rockfish,NA,NA,NA,Rockfish,sebastids,Sebastes variabilis,398442,Sebastes ciliatus,RVC
645602,Branchiostegus japonicus,Animalia,Chordata,Actinopterygii,Perciformes,Malacanthidae,Branchiostegus,japonicus,NA,Horsehead tilefish,NA,NA,NA,Other Marine,other marine percoidids,Branchiostegus japonicus,276739,Branchiostegus japonicus,TIH
645691,Galeoides decadactylus,Animalia,Chordata,Actinopterygii,Perciformes,Polynemidae,Galeoides,decadactylus,NA,Threadfin,NA,NA,NA,Other Marine,other marine percoidids,Galeoides decadactylus,126997,Galeoides decadactylus,GAL
646043,Sillago flindersi,Animalia,Chordata,Actinopterygii,Perciformes,Sillaginidae,Sillago,flindersi,SWHIT,School whiting,NA,NA,NA,Other Marine,other marine percoidids,Sillago flindersi,273940,Sillago flindersi,ILQ
646253,Thamnaconus modestus,Animalia,Chordata,Actinopterygii,Tetraodontiformes,Monacanthidae,Thamnaconus,modestus,NA,Black scraper,NA,NA,NA,Other Marine,other marine fish,Thamnaconus modestus,277210,Thamnaconus modestus,TKD
646410,Takifugu rubripes,Animalia,Chordata,Actinopterygii,Tetraodontiformes,Tetraodontidae,Takifugu,rubripes,NA,Japanese pufferfish,NA,NA,NA,Other Marine,other marine fish,Takifugu rubripes,278428,Takifugu rubripes,TXK
646550,Pseudotolithus elongatus,Animalia,Chordata,Actinopterygii,Perciformes,Sciaenidae,Pseudotolithus,elongatus,NA,Bobo croaker,NA,NA,NA,Other Marine,other marine percoidids,Pseudotolithus elongatus,273784,Pseudotolithus elongatus,PSE
647892,Pagrus major,Animalia,Chordata,Actinopterygii,Perciformes,Sparidae,Pagrus,major,SBREAM,Red seabream,Sea bream,NA,NA,Other Marine,other marine percoidids,Pagrus major,273976,Pagrus major,REV
647898,Pagellus bellottii,Animalia,Chordata,Actinopterygii,Perciformes,Sparidae,Pagellus,bellottii,NA,Red pandora,NA,NA,NA,Other Marine,other marine percoidids,Pagellus bellottii,127058,Pagellus bellottii,PAR
647901,Sparus aurata,Animalia,Chordata,Actinopterygii,Perciformes,Sparidae,Sparus,aurata,NA,Gilthead seabream,NA,NA,NA,Other Marine,other marine percoidids,Sparus aurata,151523,Sparus aurata,SBG
647902,Pagrus caeruleostictus,Animalia,Chordata,Actinopterygii,Perciformes,Sparidae,Pagrus,caeruleostictus,NA,Bluespotted seabream,NA,NA,NA,Other Marine,other marine percoidids,Pagrus caeruleostictus,127062,Pagrus caeruleostictus,BSC
647939,Dentex tumifrons,Animalia,Chordata,Actinopterygii,Perciformes,Sparidae,Dentex,tumifrons,,Yellow sea bream,NA,NA,NA,Other Marine,other marine percoidids,Evynnis tumifrons,398545,Dentex tumifrons,DTT
647991,Spicara smaris,Animalia,Chordata,Actinopterygii,Perciformes,Sparidae,Spicara,smaris,NA,Picarel,NA,NA,NA,Other Marine,other marine percoidids,Spicara smaris,126830,Spicara smaris,SPC
660179,Lithodes aequispinus,Animalia,Arthropoda,Malacostraca,Decapoda,Lithodidae,Lithodes,aequispinus,GKINGCRAB,Golden king crab,NA,NA,NA,Invertebrate,crabs-lobsters,Lithodes aequispinus,550622,Lithodes aequispina,KAQ
660225,Jasus edwardsii,Animalia,Arthropoda,Malacostraca,Decapoda,Palinuridae,Jasus,edwardsii,RROCKLOBSTER,Red rock lobster,Rock lobster,NA,NA,Invertebrate,crabs-lobsters,Jasus edwardsii,382879,Jasus edwardsii,LOR
690538,Lophius litulon,Animalia,Chordata,Actinopterygii,Lophiiformes,Lophiidae,Lophius,litulon,NA,Yellow goosefish,NA,NA,NA,Other Marine,other marine fish,Lophius litulon,272600,Lophius litulon,MVN
690539,Lophius vomerinus,Animalia,Chordata,Actinopterygii,Lophiiformes,Lophiidae,Lophius,vomerinus,,Devil anglerfish,NA,NA,NA,Other Marine,other marine fish,Lophius vomerinus,217839,Lophius vomerinus,MVO
692068,Scorpaenichthys marmoratus,Animalia,Chordata,Actinopterygii,Scorpaeniformes,Cottidae,Scorpaenichthys,marmoratus,CABEZ,Cabezon,NA,NA,NA,Other Marine,other scorpaenids,Scorpaenichthys marmoratus,282726,Scorpaenichthys marmoratus,SMQ
692071,Chelidonichthys cuculus,Animalia,Chordata,Actinopterygii,Scorpaeniformes,Triglidae,Chelidonichthys,cuculus,NA,Red gurnard,NA,NA,NA,Other Marine,other scorpaenids,Chelidonichthys cuculus,127259,Chelidonichthys cuculus,GUR
768125,Istiompax indica,Animalia,Chordata,Actinopterygii,Perciformes,Istiophoridae,Istiompax,indica,NA,Black marlin,NA,NA,NA,Tuna and Marlin,tuna-billfish,Istiompax indica,712905,Makaira indica,BLM
768127,Kajikia audax,Animalia,Chordata,Actinopterygii,Perciformes,Istiophoridae,Kajikia,audax,STMARLIN,Striped marlin,Pacific striped marlin,NA,NA,Tuna and Marlin,tuna-billfish,Kajikia audax,712907,Tetrapturus audax,MLS
1007829,Tanakius kitaharae,Animalia,Chordata,Actinopterygii,Pleuronectiformes,Pleuronectidae,Tanakius,kitaharae,NA,Willowy flounder,NA,NA,NA,Flatfish,pleuronectids,Tanakius kitaharae,282923,Glyptocephalus kitaharai,TKA